Country,1990,1991,1992,1993,1994,1995,1996,1997,1998,1999,2000,2001,2002,2003,2004,2005,2006,2007,2008,2009,2010,2011,2012,2013,2014,2015,2016,2017,2018,2019,2020,2021,2022,2023
Africa,,,,,,,,,,,,,,,,,,,,,,,,,,,,,,,,,,
North Africa,,,,,,,,,,,,,,,,,,,,,,,,,,,,,,,,,,
Algeria,0.01461070586,0.01210834059,0.0214013213,0.02505631577,0.03146430012,0.02935027107,0.03094088396,0.03637403468,0.03965673788,0.03755079983,0.03433393961,0.03820704502,0.03700804811,0.03251223274,0.03283895204,0.02834170854,0.02643808846,0.02923322162,0.03024746182,0.03848515527,0.03518023197,0.04325697443,0.0446107862,0.04844508917,0.05548483336,0.06270242856,0.06384928983,0.05924383327,0.05483588701,0.05999941464,0.0665871083,0.05570828785,0.04695022193,0.08171720557
Libya,,,,,,,,0.04078026716,0.05297441532,0.03783860245,0.03146863674,0.02413507858,0.0206923852,0.02072048072,0.02071074457,0.0152811116,0.01120335406,0.009466775173,0.01489851081,,,,0.03745603827,0.07639330848,0.154795763,,,,,,,,,
Morocco,0.04148825041,0.04142842937,0.04298048279,0.04655571687,0.04493819389,0.04347410494,0.03949092927,0.04192659406,0.03456334361,0.02420763236,0.02685172307,0.03726135883,0.03491787992,0.03494207542,0.03249467575,0.03257996782,0.03109796549,0.03046953664,0.03183501428,0.03288651846,0.03390796101,0.03297495235,0.03462750079,0.03805782901,0.03398458641,0.02959997922,0.0298211833,0.0294588992,0.02902888716,0.0286579838,0.03979697643,0.03755156987,0.03814559624,0.03638685186
Tunisia,0.01839456589,0.01833708528,0.01706125878,0.01732113955,0.01742123212,0.01744707586,0.01867535229,0.01726384544,0.01677971515,0.01556075757,0.01547904033,0.01521112473,0.01492642926,0.01483885704,0.01425902063,0.01451601416,0.01446362424,0.01260993856,0.01290624926,0.01294949609,0.01236170521,0.01486257801,0.01439873945,0.01559737384,0.01806887481,0.02139591629,0.0222498473,0.02031829326,0.0197644872,0.02383277777,0.02709778373,0.02636700262,0.0247336373,0.023578511
sub-Saharan Africa,,,,,,,,,,,,,,,,,,,,,,,,,,,,,,,,,,
Angola,0.1746366667,0.071025,0.05682830543,0.1752258908,0.05709280691,0.04707392768,0.02447848157,0.05972268207,0.02642011881,0.1733469221,0.06392603154,0.04524353815,0.02869932445,0.03761479074,0.03471180187,0.03692240947,0.03761495305,0.03114054493,0.03573120381,0.04709610048,0.04177584522,0.03255660351,0.03236659499,0.04455239422,0.04698454516,0.03105426293,0.02733334945,0.02507982806,0.0195578681,0.01739072339,0.01736993958,0.01300999928,0.01316819532,0.0133252916
Benin,0.01225157121,,,,,,,,,0.004853892305,0.004128523024,0.003579711273,0.006228194582,0.006472232268,0.006761498504,0.00680970685,0.006657233239,,0.006639589796,,,,0.007020561578,0.006872396835,0.007009249488,0.007984852979,0.00673596727,0.009206131244,0.006328575401,0.004733139056,0.004587620152,0.005508836488,0.006320874917,0.007112022699
Botswana,0.04445158035,0.04603469927,0.04482809049,0.04933491973,0.04008120396,0.03506479719,0.02899521498,0.03197204627,0.03779398844,0.03092073755,0.03191242951,0.03831223033,0.0411020649,0.04007366589,0.03505874041,0.02858004185,0.02754546095,0.0290001469,0.03097620399,0.03262820738,0.0275907988,0.02404430032,0.02343772126,0.0214717105,0.02211997144,0.02825194499,0.03410662583,0.03248579195,0.02924759445,0.03081222446,0.03334787687,0.03045569324,0.02382125372,0.02529822503
Burkina Faso,0.02704892966,0.02166869267,0.02049651568,0.01862529885,0.01422884729,0.01383042694,0.0128708847,0.01417055045,0.0127636264,0.01385531386,0.01238046381,0.01155515024,0.01177934977,0.01073055338,0.01207005766,0.01201894848,0.01110321797,0.01415726528,0.01242912608,0.01352764976,0.01224785993,0.01150905878,0.01176028479,0.01236090257,0.01272341952,0.0125078088,0.01165333354,0.01363629705,0.01925384551,0.02212552085,0.02132018076,0.02322656672,0.02977486513,0.04005326883
Burundi,0.03448712473,0.03786270865,0.03595637948,0.0372027582,0.03921111198,0.04209072899,0.05856884919,0.06359652961,0.06572272507,0.06257643657,0.04862402213,0.06071737158,0.05441678859,0.05533435389,0.04903266843,0.04436190041,0.03511718452,0.03414595248,0.02720890527,,,,0.02527177708,0.02482413115,0.02297945591,0.02131319915,0.02243163864,0.02002709903,0.02149419566,0.02807816811,0.02185913284,0.02043009763,0.02598298275,0.03658927591
Cameroon,0.01474566613,0.01514551699,0.01532605614,0.01326124551,0.01310340092,0.01251644839,0.01224837883,0.01301241746,0.01396509438,0.01443852391,0.01324748865,0.01290360035,0.01338506756,0.01383806998,0.01401603832,0.01143900624,0.01229793943,0.01241592993,0.01255590741,0.01233834189,0.01288375177,0.01135888892,0.01175348576,0.01165041143,0.01104979623,0.01098898643,0.0114642435,0.01138373822,0.01076009818,0.01064578378,0.009644073225,0.009781170313,0.009425118725,0.009333381693
Cape Verde,,,0.009925924711,0.007565805311,0.008388785895,0.01265080851,0.008441753103,0.008310074551,0.008585404425,0.008385432012,0.01154025913,0.007536151972,0.0066548029,0.006487535588,0.006309784376,0.006494972333,0.005647412082,0.004812598143,0.005486012737,0.004499084844,0.004514259433,0.00476996487,0.005060097162,0.004836641657,0.004925961739,0.005100890391,0.005500480404,0.004705185345,0.004858965407,0.004318649838,0.006188187705,0.005614289111,0.004572942014,0.005282318702
Central African Republic,,0.01568069342,0.01642125317,0.01497087845,0.01255882652,0.0116678192,0.01210192071,,,,,,0.0108695557,0.01263854401,0.01153088004,0.01089759933,,0.01089077245,0.01549880994,0.01747970741,0.02409960175,0.02048401248,0.01702846531,0.0283390827,0.02029654395,0.01575319921,0.01471632517,0.01342701858,0.01340054677,0.0179005409,0.01859142002,0.02150302015,0.01708687201,0.02285433
Chad,0.01975073933,,0.01877133106,0.02679217958,0.01877575943,0.01385617293,0.01544636342,0.01075865129,0.009229573497,0.01365223833,0.01362045003,0.01354021656,0.01524474838,0.01322522729,0.01011624973,0.008319779701,0.02995626539,0.04485948758,0.05885152264,0.07955661722,0.05764930698,0.05010100306,,0.05592311312,0.02806514006,0.02018822781,0.03036471726,0.02197257869,0.02295010839,0.02135403162,0.03005164419,0.02809616356,0.02748179613,0.02908498708
"Congo, DR",,,,0.05226085685,,,0.01546801091,0.01410851124,0.004284541614,0.01158150664,0.002202607726,,,0.008806457107,0.01336604385,0.01380795458,0.01419205358,0.01226124287,0.008085425438,0.00656239765,0.008517313391,0.009241090803,0.01134550276,0.01146177977,0.009502471395,0.01295639749,0.01066108209,0.007704671357,0.006239125147,0.007007954644,0.007433102815,0.005429702288,0.005788943668,0.01164396902
"Congo, Republic",,,0.03829288608,0.03644869108,,,,,,,,0.01792224541,0.02123352384,0.02432293399,0.02440179903,0.01518137941,0.01569342919,0.01916288944,0.0179027941,,0.01662590448,,,0.02044475519,0.03940357267,,0.04594806143,0.03178134693,0.0197928115,0.02146276579,0.02601187266,0.02340348906,0.01907984889,0.0200045624
Cote d'Ivoire,0.009647747329,0.009940038625,0.01017086803,0.009735009651,0.007315979075,,0.00611814464,0.005772044833,,,,,,0.01006751824,0.01096073443,0.01058065308,0.01086579561,0.01150833029,0.01101704681,0.01251735726,0.01127105101,0.01007057862,0.01100663875,0.009950191199,0.0106778466,0.01243927247,0.01257379624,0.009831978023,0.01048368231,0.009156126409,0.009894826266,0.00910633113,0.008888863462,0.008861386949
Djibouti,,0.06650884508,0.06760028054,0.06158737241,0.05757444699,0.05791646029,0.05080478793,0.05474986078,0.0565087454,0.05478089713,0.05069101191,,,,0.05607179054,0.04507756783,0.0458763424,0.02901074893,0.02627582525,,,,,,,,,,,,,,,
Equatorial Guinea,,,,,0.0198642304,0.02045616853,,,,,,,,,,,,0.01501825868,0.01482309067,0.02474929604,,,,,0.007661779963,0.0104143202,0.01239489775,0.01128937094,0.0114208303,0.01308052872,0.01640829959,0.01345337642,0.01303187803,0.01590216982
Eritrea,,,,0.2132911392,0.1271594203,0.1953911241,0.2034481906,0.1186041497,0.3249706661,0.3437776845,0.3265567119,0.2213679156,0.2067187836,0.2086574531,,,,,,,,,,,,,,,,,,,,
Ethiopia,0.09657969809,0.05705131545,0.03441708349,0.03071688351,0.02868438702,0.02225616054,0.02117138489,0.03343177478,0.07276936149,0.09506942683,0.07613843906,0.04349020778,0.03719388099,0.03238842734,0.03072650407,0.02812218375,0.02307149324,0.0189627733,0.01515847964,0.01204601578,0.01153942527,0.01090706474,0.008683615071,0.008064171937,0.007684077562,0.007054146507,0.006835672104,0.006753107157,0.006458509627,0.005799495368,0.005216242972,0.004920152228,0.008698614178,0.007883228796
Gabon,,,,,,,,,,,0.01801452248,0.01793952098,0.01783170277,0.01668327933,0.01613166169,0.01248682169,0.0128261921,,,,0.01871622566,0.0146243423,0.01619804648,0.01604047179,0.01144818396,0.01185025609,0.01447545804,0.0181138277,0.01553634469,0.01586537693,0.0172005327,0.01540923365,0.01317560189,0.01153219812
"Gambia, The",0.004612659725,0.005042432667,0.004096504989,0.002792197539,0.002555574918,0.003046156702,0.003973074694,0.004075759455,0.003848338149,0.003258330614,0.003157935989,0.002348620589,0.002443808099,0.002273886362,0.001926214018,0.002770274289,0.002602423784,0.003553183774,0.01094917658,0.004822054279,,,0.007923253019,0.007395111525,0.01207688536,0.01040522123,,,0.007158762836,0.007693409794,0.008093249103,0.007685555814,0.006939399988,0.005843058358
Ghana,0.002765104274,0.00368975045,0.003773472197,0.004219516399,0.004265866959,0.003357477169,0.002869036335,0.002879381762,0.003347076613,0.003336710999,0.004436304,0.00264452813,0.002603056148,0.003037583097,0.002775709123,0.002609670763,0.002622135328,0.003703329146,0.002940335004,0.003367578709,0.002826876552,0.004351545227,0.005932085525,0.00400294579,0.004849890515,0.003929151261,0.002914124543,0.003127012786,0.003258762393,0.003438181786,0.003509492338,0.003827419064,0.003379463559,0.003891574615
Guinea,,0.0238055426,0.01694640615,0.01340709363,0.01356116905,,,0.01172819262,0.01254991803,0.01595131143,0.01534637514,0.03100210546,0.03324680244,0.02441181415,0.0222856441,,,,,,,,0.02245087357,0.02386184295,0.02276437911,0.02562200285,0.01921711146,0.01796300563,0.01771400561,0.01483011391,0.01476887051,0.01532132188,0.02168447018,0.02125750541
Guinea-Bissau,,,,,0.003179650238,0.004955680902,0.005665930831,0.006505211527,0.01404761905,,0.02628030362,0.01626726771,0.01558602899,0.01575423111,,0.01894599283,,,,0.01550257692,0.01823879576,0.01516130505,0.02333721933,0.01957042392,0.01893804361,0.01479004202,0.01264545876,0.0130856549,0.01364733712,0.01532115129,0.01625377639,0.01687431486,0.01621905784,0.01455452772
Kenya,0.02888214958,0.0235425809,0.01900746762,0.01837741595,0.01641252808,0.01646716231,0.01417954703,0.01340638598,0.01220122519,0.01186974148,0.01313742032,0.01504754902,0.01632407811,0.01650099843,0.01614194237,0.01690587014,0.0145517741,0.0154791228,0.01615850294,0.01365075717,0.01369985258,0.01379743046,0.0148957729,0.01395396508,0.01199433367,0.01203169408,0.01247309801,0.01237594001,0.01207385368,0.01112571179,0.01108434196,0.01077200252,0.010102052,0.009058168351
Lesotho,0.03550475988,0.02888846955,0.02706453525,0.02475472663,0.0274112241,0.03241889376,0.02824673663,0.02712177347,0.02851928467,0.03562451192,0.03284926128,0.02744178023,0.02516392953,0.02369000919,0.02131662938,0.02049259616,0.02074224991,0.02368154586,0.01547920806,0.0272268167,0.03162528742,0.02255522958,0.02148239788,0.02026531875,0.01953796076,0.01865753001,0.01963888427,0.02270814531,0.01999382929,0.01875404217,0.01881799231,0.01538979052,0.01516438947,0.01536262928
Liberia,,0.07183908046,0.1013422819,0.1898379052,0.2972768533,,,,,,,,,,0.006343516689,0.008564420959,0.00476173999,0.003110751826,0.00497952236,0.00651749771,0.008167389259,0.0105878497,0.01182027432,0.01081236773,0.01032529165,0.01051498096,0.01062638322,0.009400092701,0.009382160273,0.009403052539,0.009734059604,0.02012693783,0.02488535049,0.0229838718
Madagascar,0.01231511045,0.01296349058,0.00769921868,0.01122324017,0.009264734871,0.008598879697,0.01237634442,0.01481912359,0.01348927492,0.01210229217,0.01217513909,0.01435847602,0.01313161574,0.01324757325,0.01248226672,0.01071941549,0.009774312051,0.009611815133,0.009628920928,0.007381329534,0.005702146873,0.006231910263,0.005927649577,0.005785599318,0.005563912609,0.005204692412,0.005013870442,0.005062222898,0.005321021743,0.005453430377,0.006731538964,0.006921321767,0.006659161508,0.006629611332
Malawi,0.01308605692,0.01075730104,0.01402486043,0.01262975393,0.01421880068,0.007905591737,0.008834681207,0.009915560752,0.00813639842,0.008110144705,0.006726388287,0.007388220485,0.004238228645,0.0040879246,0.006318680593,0.01045261606,0.00777651498,0.007579519678,0.008356369939,0.009497045878,0.007182010236,0.006597285036,0.007656306894,0.008097900172,0.005807719202,0.004508256783,0.004520472995,0.005301004636,0.005895015022,0.007607818269,0.008342812075,0.007591311116,0.009697016354,0.01010877879
Mali,0.01956494183,,,0.01563793465,0.01438026266,0.01497017082,0.01428410594,0.01496852238,0.01404632311,0.01492289928,0.01478649744,0.01295172228,0.01268850431,0.01419333113,0.01421998844,0.01384312041,0.0139141541,0.01355034028,0.01465714868,0.01418664255,0.01374566808,0.0124103333,0.01196405745,0.01161379132,0.01515933832,0.02360174452,0.02586130874,0.03028601114,0.02823595537,0.02752716581,0.03399558214,0.03408679587,0.03139660432,0.03827685468
Mauritania,0.03827926491,0.03600512449,0.02689066399,0.02412423018,0.02240861908,0.02260154634,0.02626341207,0.02967260087,0.01862440967,0.02273637889,0.02928005445,0.04002384422,0.0273938351,0.03995275717,0.03838120112,0.03051555776,0.02693647217,,0.03059333958,0.0313532417,,,0.02114974666,0.0199659729,0.02197095192,0.02155572404,0.02145487801,0.02121098457,0.0213128231,0.01996333012,0.02389269181,0.02293994898,0.02279052259,0.02548631772
Mauritius,0.003460953347,0.003674217859,0.003544240733,0.00330254202,0.003331455575,0.003328256011,0.002933901844,0.002340788928,0.002028148178,0.002081352834,0.002007188161,0.001945803891,0.001962700339,0.001871027739,0.001662168497,0.001606740518,0.001538565083,0.001427250393,0.00155952071,0.001677771837,0.001486895898,0.001520352521,0.001427944012,0.001887332378,0.001510174822,0.001423019176,0.00174701756,0.001653762945,0.001563852998,0.001487967382,0.00161615351,0.001713770986,0.001388004204,0.001527768199
Mozambique,0.05861297539,0.02612032085,0.02968445425,0.0287088387,0.03303501712,0.01460482346,0.01111681671,0.01102741392,0.01139211666,0.01245869391,0.01284457907,0.01242171239,0.01273635642,0.01280942211,0.01362421115,0.009462318812,0.008094672718,0.006689538982,0.006649216619,0.007054226084,0.008919022734,0.008265532249,0.008507260077,0.009301822297,0.009807594939,0.008402852742,0.00929584557,0.009879644214,0.01323765137,0.01399149085,0.02033950104,0.01958820723,0.01499828313,0.01731932423
Namibia,0.06421002689,0.05615254952,0.0425041876,0.02464523758,0.01751233873,0.01947898631,0.01903604024,0.02301355143,0.02321837245,0.03124033069,0.02706732799,0.0300874088,0.02617845379,0.02624912883,0.02527589681,0.02645205301,0.02501249398,0.02610424557,0.03137261574,0.03374363684,0.03514743975,0.03574588955,0.03166542591,0.03206416324,0.0432586724,0.04528000168,0.03971044925,0.035223885,0.03332692284,0.03297426314,0.03480152592,0.03215048411,0.02917236139,0.02739543544
Niger,,,,,0.01232371998,0.009709762533,0.008614014712,0.009325946445,0.0106122449,0.01166908096,0.01164610816,0.01320159783,0.009633479553,0.009317636266,0.01091187297,0.007152117688,,,0.007394464312,0.007352623614,0.008765032365,0.009760419788,0.01623984369,0.01045231183,0.01338598197,,0.01599646243,0.01809842924,0.01793808817,0.01917336007,0.01733607522,0.0135370282,0.01664378422,0.02070135904
Nigeria,0.008331153056,0.007736912924,0.005640107094,0.009332183017,0.007814522877,0.00483558767,0.004061778116,0.004358357554,0.005483123929,0.008554156303,0.005435316452,0.00780315877,0.009543380449,0.005707075449,0.004909967691,0.003974229372,0.003483754341,0.003703548312,0.004890841346,0.005058556276,0.005392311181,0.00579227031,0.005042649302,0.004696953045,0.004147187766,0.004176365377,0.004329477847,0.004306712189,0.005069445174,0.004591705244,0.006320229135,0.01012701927,0.006501666918,0.008073311055
Rwanda,0.03729165984,0.05509172203,0.04290602124,0.04536375401,0.0343787696,0.006078028747,0.05328556116,0.04173525613,0.04377647282,0.04448105437,0.03535502959,0.03396226415,0.03048933501,0.02447129909,0.01973466003,0.01743055556,0.01643910431,0.01365678347,0.01306497175,0.01326902399,0.01216792682,0.01094931043,0.01042249628,0.01054885285,0.01102738752,0.01213694733,0.01240506791,0.01248895243,0.01235147023,0.0119793122,0.01473869321,0.01513975297,0.01333854622,0.01266152434
Senegal,0.01633468986,0.01547055567,0.01443999933,0.01668304044,0.01347619738,0.01310099111,0.01243917937,0.0119691223,0.01179141855,0.01202126805,0.01048360277,0.01115667493,0.01101240436,0.01115442778,0.0105782487,0.01130464529,0.0127105687,0.01379591734,0.01291966869,0.01335875876,0.01215309331,0.0129386016,0.01113479595,0.01251701256,0.01213366003,0.01209099171,0.01602097454,0.01471062517,0.01666927568,0.01524737106,0.01411908879,0.0177917639,0.01538105621,0.01467760489
Seychelles,0.04026231508,0.04424018989,0.04727387331,0.02759613407,0.02443685452,0.02281180263,0.0209574851,0.02024810037,0.01732915588,0.01782925442,0.01679332821,0.01778265522,0.01677375471,0.01734316375,0.01897640227,0.01602352351,0.01413430023,0.01468283589,0.01150193197,0.01020878336,0.007379153633,0.008555040633,0.009366795846,0.01036558933,0.0222756172,0.01278346001,0.0147114469,0.01413342973,0.01314418393,0.01287487609,0.01572709146,0.0277755038,0.01332924074,0.01706913029
Sierra Leone,0.01306646669,0.02036457092,0.02686910691,0.02080121071,0.0199116887,0.01969291627,0.0135295037,0.00764916648,0.01024702229,0.01740340045,0.02512155618,0.02742527343,0.02164617616,0.02053952988,0.01584946609,0.01426813932,0.01486395848,0.01346993361,0.009437062792,0.01076033226,0.009721504551,0.00865813494,0.007828005306,0.00643965907,0.009732621063,0.009234532523,0.01116382358,0.01093816897,0.007519925687,0.006724772675,0.005466054349,0.006090658505,0.006856227661,0.00560437347
Somalia,,,,,,,,,,,,,,,,,,,,,,,,,,,,,,,,,,
South Africa,0.03896351478,0.03222633894,0.02817650615,0.02495523698,0.02561965901,0.02117864047,0.01755878798,0.01582133557,0.01383166723,0.01272052931,0.01387289131,0.01483161018,0.01529309559,0.01468811238,0.01355728578,0.01234811253,0.01153872006,0.01058519637,0.01039417593,0.01089504709,0.01003481069,0.01002653404,0.01033522741,0.01027794024,0.01021893996,0.01006928622,0.00971046765,0.009435684948,0.008947570648,0.008824302717,0.009556151631,0.008074404692,0.007678175643,0.007331367247
South Sudan,,,,,,,,,,,,,,,,,,,0.05761289033,0.04968462633,0.04140632543,0.06094415322,0.08771124113,0.06569814395,0.0846061686,0.08908535203,0.04013856541,0.02061344432,0.0319540114,0.03349713738,0.02279879411,0.02626143856,0.04150276992,0.06256177344
Sudan,0.04813324736,0.04992301346,0.04389363518,0.04921118423,0.03897835065,0.01667984222,0.01269314093,0.009543049066,0.02379660739,0.04009786095,0.04791420882,0.02944044911,0.03273800351,0.02256184394,0.05782620161,0.03311281459,0.03640512194,0.04083230603,0.04978921778,0.05453918758,,,,,,0.02712940233,0.02278507216,0.03285803901,0.01778924027,0.01630151496,0.009783603209,0.009159187571,,
Eswatini,0.01275974578,0.01384516594,0.01632711543,0.01748046765,0.0181808982,0.01693339262,0.01652577731,0.0149483917,0.01647208951,0.01684505913,0.01435205791,0.01290036453,0.01303786516,0.01470954079,0.01541330909,0.01902886579,0.01809932745,0.01644390588,0.02006123255,0.02098700568,0.0237429406,0.02218663694,0.01914535547,0.01951910153,0.01822876774,0.01749614035,0.02073809108,0.01924439933,0.02096037715,0.01890239243,0.01860819063,0.0178385478,0.01645121394,0.0156832126
Tanzania,0.0204648408,0.02181778011,0.02106039259,0.01379278371,0.01294114065,0.01627214037,0.01555350299,0.0154354454,0.01601971547,0.0148766266,0.01487264012,0.01451604644,0.01302598457,0.01074306968,0.009946145726,0.008239413002,0.007921240107,0.007620645693,0.006982789897,0.007571930663,0.008960240843,0.009031507473,0.009137993481,0.009723626033,0.01015761003,0.01091369867,0.01093691934,0.01056391194,0.01100981162,0.01062367273,0.01076796962,0.01120913682,0.01136898427,0.01151693979
Togo,0.03122485876,0.0285935085,0.02931228861,0.04030655691,0.0258431085,0.01857525634,,,,,,,,0.01365699839,0.01406048096,0.01457440202,,,0.01722186244,0.01638012563,0.01658857988,0.01526063748,0.01624643118,0.01676205361,0.01818288863,0.01674422895,0.01840382387,0.01874542288,0.01963332431,0.03146217077,0.02838985987,0.0311153706,0.05441922623,0.04014812878
Uganda,0.02968526221,0.02507998476,0.01659177721,0.01931366756,0.02015782348,0.02101510533,0.02210910902,0.0211670724,0.02442355813,0.02655734032,0.01764607708,0.01683245146,0.01634674737,0.01691687846,0.0176615583,0.01684322688,0.01503426017,0.0139447189,0.01347344972,0.01432317233,0.02460093877,0.025387867,0.01165432705,0.01335193177,0.008851501583,0.01043148025,0.01043258433,0.01105465348,0.01232713045,0.01744800411,0.0273212093,0.02641808183,0.02036841891,0.01982056313
Zambia,0.03410825089,0.02337445885,0.02705049763,0.01429398243,0.01719245386,0.01451688414,0.01051809553,0.01007661038,,0.0164831846,,,,,0.01580899604,0.01848322944,0.0174394545,0.02063706992,0.02080087877,0.01731635347,0.01382592765,0.01262332421,0.01393666927,0.01434429086,0.01661869557,0.01785254203,0.01454532636,0.01300004051,0.01437498751,0.01255654723,0.01170496458,0.009819222318,0.01118002857,0.01303002021
Zimbabwe,0.04103903785,0.03979365079,0.03802771718,0.03300303871,0.03114712904,0.03181653153,0.02882771573,0.02998266898,,0.022380831,0.03053791887,0.0254980434,0.0630647415,0.02034677251,0.02705758056,0.01452575724,0.01986242476,,,,0.008162514532,0.01407162105,0.01859499883,0.01868223956,0.01887789117,0.01886308779,0.01741984919,0.01592340426,0.01137810258,0.00729567173,0.009979312781,0.01481531787,0.007804937735,0.002488082502
Americas,,,,,,,,,,,,,,,,,,,,,,,,,,,,,,,,,,
Central America and the Caribbean,,,,,,,,,,,,,,,,,,,,,,,,,,,,,,,,,,
Belize,0.00867929439,0.007902123305,0.007631088243,0.008164193656,0.01023677279,0.009836500305,0.009355527598,0.01082512145,,,0.00637640601,0.006408619193,0.00635154453,0.006588292654,0.006825994724,0.007328537621,0.007769260864,0.008112110218,0.01082517387,0.01027406026,0.008821209478,0.008472616195,0.007996458234,0.008759942415,0.009315819935,0.008920296225,0.009614150891,0.01008474006,0.01008244493,0.01010694249,0.01251121406,0.01071704448,0.008103414153,0.008219288801
Costa Rica,,,,,,,,,,,,,,,,,,,,,,,,,,,,,,,,,,
Cuba,,,,,,,,,,,,,,,,,,,,0.03380960052,0.03326856112,0.03084505001,0.03937599978,0.03512728781,0.03536004761,0.03083791445,0.03072187925,0.02872403239,0.02876207372,,,,,
Dominican Republic,0.006757293876,0.003481550322,0.005590868161,0.007550700364,0.00733765624,0.005494778676,0.0063365161,0.007969264068,0.007800623741,0.008162438876,0.01030096472,0.01213496052,0.01058919211,0.007641450271,0.006876180521,0.007665363718,0.006834233607,0.006276190572,0.006998616572,0.006674611703,0.006675317049,0.006029280601,0.00653151462,0.00611824773,0.006514378555,0.006436749782,0.006340305529,0.00666063444,0.006939911101,0.006895830547,0.00746231922,0.006472399489,0.006680116979,0.007407294368
El Salvador,0.03413665987,0.02732577455,0.02253576782,0.0167872879,0.01352221179,0.01175058328,0.01074409153,0.01007766206,0.009229429079,0.009205492396,0.008403310381,0.01090670039,0.0113023873,0.008413812849,0.00810214431,0.009042046537,0.008881311059,0.009734448249,0.009618118315,0.01078878211,0.01089553727,0.01088061495,0.01048809627,0.01079989232,0.01035254877,0.01056820059,0.01023502952,0.01044469401,0.01132207279,0.01180009621,0.0137945779,0.01193762652,0.01411240782,0.01283861953
Guatemala,0.01728011563,0.01268437264,0.01472620375,0.01267060171,0.01178534599,0.01080427374,0.008957174135,0.007428179433,0.00720839851,0.006756007599,0.009184016347,0.01052062929,0.007622450261,0.008156553425,0.004794160891,0.003839136567,0.004318294646,0.003984566015,0.004682311029,0.003953260735,0.004413826044,0.004596194477,0.004758707309,0.004712725932,0.004246564284,0.004059679313,0.004404965125,0.00383850245,0.003724916379,0.004300707634,0.004410175899,0.00392566988,0.004647137957,0.004111764078
Haiti,0.0009300581573,0.001027272727,0.00110963715,0.0009342263999,0.0007427754073,0.0008191975046,,,,,,,,,,,,,,,,,,0.0003030309321,0.0003556248204,0.0003998581253,0.0004923153604,0.0004364592593,0.0006119864881,0.0008593150954,0.001030941791,0.001539423072,0.000687408576,0.0005409284895
Honduras,0.02201483609,0.01544685546,,0.01157829785,,,,,,,0.007299290605,0.008226105153,0.008091875144,0.009982649222,0.006826927542,0.006414784645,0.006924300008,0.007760082649,0.009539785563,0.01074910696,0.01074457208,0.01131309103,0.01131788287,0.01379536909,0.01192715977,0.01351722352,0.01531551641,0.0158983296,0.0148969667,0.01565120015,0.01437530645,0.01480114551,0.01452109587,0.01566104575
Jamaica,0.008407850864,0.007585245676,0.01107838246,0.008219064102,0.006299206027,0.005387092431,0.005676566268,0.006550548268,0.00544947829,0.005110515264,0.004863197613,0.005043589495,0.005854310336,0.005815962976,0.005359699676,0.005276636946,0.006089223188,0.006524579103,0.009533542735,0.00947227445,0.008741794842,0.009251657529,0.009295360567,0.008989679637,0.008727842168,0.00872353476,0.009548312981,0.009734330682,0.01332846796,0.01681525782,0.01706470699,0.01466768678,0.01289999447,0.01224353131
Mexico,0.004330810355,0.004354023008,0.004694546557,0.004427854939,0.005188303271,0.004508915312,0.004764847779,0.004580958537,0.004504504872,0.004609887756,0.004460478204,0.00442657004,0.004216060025,0.004059165466,0.003648987227,0.003559589315,0.003111719365,0.00401163918,0.003905132275,0.005015562747,0.004332298992,0.004473869941,0.004555020581,0.004876428701,0.004953210423,0.004507428192,0.004800462724,0.004248491593,0.004646115372,0.005089059263,0.00717897861,0.006614197264,0.006861051326,0.006569345131
Nicaragua,,0.0400221576,0.02632753235,0.02102325581,0.0118950041,0.01102820307,0.009497049131,0.008946698324,0.007353621923,0.007194928254,0.007827514414,0.006835245208,0.008651655823,0.008607374291,0.007307932753,0.007004040642,0.005512559935,0.005317262146,0.005020583768,0.005027510009,0.005054726792,0.005264113365,0.006659035537,0.00678614215,0.006850919591,0.007755373719,0.006398766758,0.00626510067,0.006271722215,0.006050200894,0.00629971871,0.00549759399,0.005371139682,0.005459884647
Panama,0.01256359137,0.01228547313,0.01083474267,0.01198645229,0.01192556558,0.0111575689,0.01085592302,0.01170170567,0.009512920192,0.009741365013,,,,,,,,,,,,,,,,,,,,,,,,
Trinidad and Tobago,,,,0.004947735903,0.004892194323,,,,,,,0.001556347993,0.002130742659,0.002942941122,0.005633268743,0.006045380003,0.006212758738,0.005686685815,0.004933752265,0.007096586445,0.006352173666,0.005664371909,0.006412292579,0.007630690413,0.00656301051,0.007836300366,0.009493967687,0.008692034332,0.007033114905,0.007552978114,0.008637090675,0.008936170668,0.007421787295,0.008860027273
North America,,,,,,,,,,,,,,,,,,,,,,,,,,,,,,,,,,
Canada,0.01958793742,0.01895444339,0.018616877,0.01821753504,0.01696680257,0.01554090071,0.01403752581,0.01246243202,0.01256293902,0.01241703064,0.01114349802,0.01133356283,0.01116869147,0.01111937307,0.01104189391,0.01107105424,0.01122524729,0.0118579023,0.01245518367,0.01377555631,0.01194338338,0.01193291895,0.01118404598,0.010023672,0.009899252994,0.01152709374,0.01164161567,0.01351896465,0.01317678106,0.01284512244,0.01400835686,0.01267294465,0.01195777758,0.01293001454
United States of America,0.05605175294,0.04883429398,0.04970466808,0.04604350295,0.04215264675,0.03860245792,0.03554982206,0.03405562244,0.03201558499,0.03085676783,0.03112242147,0.03123809803,0.03447618099,0.03827161045,0.04016312736,0.04089231875,0.04041342302,0.04073350515,0.04446595522,0.04875768359,0.04904023006,0.04822441976,0.0446170997,0.04023705604,0.03678918174,0.03464492926,0.03402602462,0.03297723571,0.03304000619,0.03412158459,0.03650513734,0.03417093954,0.03343258931,0.03361836486
South America,,,,,,,,,,,,,,,,,,,,,,,,,,,,,,,,,,
Argentina,0.01450909212,0.01506926555,0.01421222233,0.01422802901,0.01457038533,0.01473073107,0.01241227264,0.01140139111,0.01136318022,0.01220359548,0.01148822677,0.01184233542,0.01091880479,0.01060895057,0.008832953588,0.008471547839,0.007882338775,0.00792548175,0.007627564754,0.008865085767,0.008148781182,0.007642870953,0.007848247354,0.008377364272,0.008781009242,0.008501285975,0.008092453627,0.008477548113,0.007323003475,0.006996961344,0.007341115939,0.006300553818,0.006863834043,0.004727471967
Bolivia,0.02815883319,0.02688324857,0.02506118833,0.0191634981,0.02250301234,0.02096162258,0.01986807543,0.02273610301,0.0269111086,0.02133287095,0.02062971513,0.02320446744,0.01990333715,0.02145483398,0.01896503305,0.01717004423,0.01466226984,0.01489047584,0.02193951609,0.01761360756,0.02785007269,0.01684122657,0.01845606439,0.01841240314,0.01896915045,0.01759435915,0.01530467849,0.01536427353,0.01496902607,0.01451270927,0.01392047445,0.01325799438,0.009732508885,0.01386121647
Brazil,0.02363841025,0.01963333333,0.01521528861,0.01927922815,0.02016007789,0.0186213698,0.016548435,0.01577688316,0.0166229192,0.01645474667,0.01730726147,0.01951882445,0.01895771199,0.01503477636,0.01461268409,0.01524013463,0.01481084956,0.014662921,0.01441924088,0.01538625676,0.01539406981,0.01411851159,0.01378656465,0.01329446084,0.01330244423,0.01365517154,0.01347975413,0.01414021668,0.01469677724,0.01382797246,0.01326660269,0.01163682111,0.0106984584,0.0107876906
Chile,0.03401654859,0.02849842767,0.02628510469,0.02706922937,0.02597544983,0.02562064629,0.02449320898,0.02498201924,0.02589837226,0.02713631594,0.02688615886,0.02647049152,0.02531542942,0.0270297151,0.02712290407,0.02534762993,0.02506082143,0.02330980634,0.02583652259,0.02276507868,0.02254240915,0.02263612772,0.02045880251,0.01994622472,0.01967106877,0.01909623355,0.01924158448,0.0194059253,0.01877613957,0.01862616605,0.020637755,0.01641876189,0.01548322052,0.01632888929
Colombia,0.018601593,0.01853481783,0.02106677943,0.02525267018,0.02508407013,0.02831626581,0.04445393254,0.02801787886,0.03440985742,0.03762742058,0.03031683539,0.03323872819,0.03417127624,0.03463988691,0.03465015174,0.03374679694,0.03295824991,0.03286301709,0.03737246986,0.03886963837,0.03636915046,0.0307710699,0.03156005863,0.03272262857,0.03108258848,0.03109960084,0.03071131026,0.03208096724,0.03033232739,0.03145656694,0.03536986516,0.03195886921,0.0281188848,0.02872983187
Ecuador,0.01890323788,0.01778360165,0.01667206599,0.01821421501,0.01559343468,0.0234132011,0.01950397527,0.02104171235,0.02357234865,0.01751925046,0.01452075953,0.01569375982,0.01768891985,0.02278553365,0.01940332799,0.02298402791,0.02029825877,0.0256823582,0.02665041736,0.03117418088,0.03010551292,0.03095110057,0.02945452865,0.02875890683,0.02739230809,0.02616074159,0.025147668,0.02361263384,0.02370167727,0.02170051989,0.02373122496,0.02268911931,0.02248155134,0.02297069579
Guyana,0.009058282796,0.005828927783,0.009696923011,0.00950952236,0.01005936721,0.009155203861,0.007878309336,,,,0.01765977248,0.02017945623,0.02293286681,0.02199716827,0.02809324834,0.01410485837,0.008058151348,0.009143996685,0.01008881075,0.009810156481,0.009052103956,0.008781753456,0.008255432204,0.008436933001,0.0095165217,0.01084865471,0.01154128276,0.01253342689,0.01290815629,0.01299612785,0.01402577411,0.009549308611,0.00601394233,0.005865167343
Paraguay,0.02131875856,0.02829327005,0.02368889977,0.02178547665,0.02046766371,0.02283424569,0.02063789937,0.01685680307,0.01543153715,0.01388767852,0.01244939454,0.01074634817,0.00971236933,0.008257553718,0.008776300639,0.007214803998,0.007934551349,0.007414368484,0.006831242752,0.007534837121,0.007505448588,0.008446038508,0.00964506788,0.009641672602,0.009866053917,0.01067449349,0.009509533016,0.008926632312,0.009611561527,0.009738403841,0.01027573427,0.009288036343,0.008314834787,0.009062547926
Peru,0.02682378792,0.02019815931,0.02507035047,0.02746102469,0.0247419794,0.02635324099,0.02502026598,0.01996769968,0.02016661342,0.01930630719,0.01788966849,0.0175202013,0.01541840221,0.01509499498,0.01382223536,0.01581272686,0.01456214926,0.01303938254,0.01246694882,0.01529625724,0.01476972039,0.01371183055,0.01483512793,0.01643069051,0.01602487622,0.01745080549,0.01321908399,0.0126523967,0.0118979117,0.01205891462,0.01314865542,0.0117822221,0.01153179052,0.01121182913
Uruguay,0.03527401664,0.02394712193,0.02849514812,0.02792398452,0.0257770557,0.02714636675,0.0280593839,0.02399720747,0.02258133682,0.02394460971,0.02435977288,0.02502577662,0.0253014006,0.02237545322,0.02040728013,0.02000385866,0.02006178078,0.01777167088,0.01869524688,0.0182261338,0.01875807858,0.01719748932,0.01803669825,0.01816551302,0.01807429456,0.01820588136,0.01724565115,0.01813616691,0.01971272047,0.01885387467,0.02035838356,0.02101132385,0.01825308537,0.02000122187
Venezuela,0.01518036556,0.01840335277,0.0164347885,0.02145253855,0.01590746925,0.0154906216,0.01039483384,0.01795285052,0.01588555205,0.01437199004,0.01526570129,0.01555107911,0.01153373596,0.01182690627,0.01288301812,0.01831713749,0.01978492217,0.01888993106,0.01793552852,0.01231070415,0.01013488628,0.01130405341,0.01341471732,0.01669551783,0.0116181681,0.009413759689,0.004540460143,0.02233332199,0.001508538926,0.01792303758,0.01575522712,0.003136307293,0.006498867889,0.005007044976
Asia & Oceania,,,,,,,,,,,,,,,,,,,,,,,,,,,,,,,,,,
Oceania,,,,,,,,,,,,,,,,,,,,,,,,,,,,,,,,,,
Australia,0.0207590586,0.02168042858,0.0216874608,0.02178029886,0.02116598589,0.02021312568,0.01930440067,0.01867334395,0.01871121813,0.01889235741,0.01829841913,0.01870093879,0.01873964621,0.01846289689,0.01827410769,0.0180249268,0.01822330926,0.01812273234,0.01796688089,0.01923938334,0.01852928258,0.01755656947,0.01670963965,0.016391802,0.01773057778,0.01953633592,0.0208852965,0.02004232965,0.0189568808,0.0188096043,0.02010656405,0.01990278202,0.01908335574,0.01922199063
Fiji,0.0210875526,0.02166788254,0.01840414107,0.01808559319,0.01702637273,0.0162578739,0.01424246345,0.01364959581,0.01259188866,0.01131806343,0.01756243418,0.0182458369,0.01548566731,0.01486500874,0.01583875953,0.01323594614,0.01608599017,0.02237099998,0.0152095281,0.01786579257,0.01605128941,0.01610403918,0.01490961694,0.01386777448,0.01539773099,0.009101473101,0.01103792902,0.01404838078,0.01455883152,0.01435299259,0.01589325586,0.01599210097,0.01349276079,0.01316481575
New Zealand,0.02327779747,0.02256336694,0.02069366229,0.01899123846,0.0182870806,0.01815347846,0.01781881485,0.01703970844,0.01695280175,0.01619342018,0.01668742107,0.01581301424,0.01454409845,0.01389934115,0.01246074766,0.01139934367,0.01240820549,0.01182045321,0.01152770496,0.01219818006,0.01209901056,0.01162420913,0.01116346363,0.01043882168,0.009980514926,0.009884136142,0.01035225705,0.01052041155,0.01105032091,0.01293162197,0.01340842127,0.01164303426,0.01171827536,0.01217637729
Papua New Guinea,0.01419133733,0.009246858941,0.008903513431,0.009174582336,0.01013205299,0.007755160933,0.01017311366,0.01075353754,0.008792203207,0.006913945223,0.006391076543,0.005472948523,0.003716379315,0.003457631815,0.003891224707,0.004166377694,0.003769200473,0.004116026003,0.003370144707,0.004479430231,0.003251445087,0.003569250973,0.005194717389,0.004945492662,0.0048441331,0.004599001664,0.003810769231,0.003550344828,0.003302267003,0.003626986882,0.003932618312,0.003303316935,0.003127189664,0.003133370157
South Asia,,,,,,,,,,,,,,,,,,,,,,,,,,,,,,,,,,
Afghanistan,,,,,,,,,,,,,,,0.02431253787,0.01992065699,0.01896233996,0.02566267352,0.02335545702,0.02087412553,0.01945835694,0.01821345454,0.0117541612,0.01076949768,0.01298012878,0.009945758227,0.00956772141,0.009452267999,0.01006745856,0.01170968382,0.01358856927,0.01827933856,,
Bangladesh,0.01223165026,0.01214422802,0.0136050315,0.01429390515,0.01529023664,0.01566693141,0.01539073594,0.01571667926,0.01567535198,0.01584834391,0.01357119181,0.01288422776,0.01048366463,0.01002633098,0.009988597737,0.009728100903,0.00989838837,0.009970919644,0.009382152916,0.01028939548,0.01184384017,0.01217668949,0.01180897234,0.01113729429,0.01136443272,0.01208517107,0.01225900499,0.01127581253,0.01153957491,0.01244100823,0.01244689509,0.011687306,0.01051989764,0.01022818376
India,0.0314621461,0.02909974328,0.02704839706,0.02823542246,0.02664673727,0.02578483572,0.02472768225,0.02647732426,0.02727311417,0.02957195647,0.02948929906,0.02924435546,0.0282686683,0.02677776932,0.02828752248,0.02910587502,0.0268038156,0.02478246528,0.02631460781,0.03129384727,0.02889463272,0.02704482223,0.02618166348,0.0254882489,0.02543981765,0.02457450061,0.02543151521,0.02531511361,0.02424284526,0.02545998231,0.02807193874,0.02480388705,0.02363926577,0.02443050765
Nepal,0.01077154406,0.01096609649,0.01074689768,0.01050552554,0.009733153964,0.009414851146,0.009007163145,0.00880707846,0.009270554605,0.009473695751,0.009621503183,0.01098334384,0.0144764998,0.01592251101,0.01793292398,0.01929161376,0.01749109863,0.01547393889,0.01599971653,0.01442742389,0.0136781609,0.01350672855,0.01255494427,0.01365001279,0.01495262742,0.01404426867,0.01486592172,0.01557849235,0.01468328224,0.01337665483,0.01358534673,0.01266801036,0.0111017534,0.01076685554
Pakistan,0.06522320235,0.06570952788,0.06698187549,0.06427312623,0.05923548293,0.05820225283,0.06037166305,0.05621216489,0.05415095044,0.05189899265,0.04168722714,0.03878933945,0.04073770168,0.04091427187,0.03956034117,0.03897019393,0.03645255204,0.035119861,0.03459371004,0.03265223993,0.03041893265,0.02919243184,0.03095773537,0.03088020035,0.03096579697,0.03162986645,0.03203776716,0.03364449103,0.03586961764,0.03505840316,0.0348667909,0.03391711681,0.03162974521,0.02801488102
Sri Lanka,0.02328487433,0.03082087849,0.03367639901,0.03431785654,0.03729338058,0.05861132243,0.05519783161,0.04630602074,0.04643464081,0.0403016384,0.05033872968,0.04286990589,0.0334258944,0.02868911827,0.02997358479,0.02639533395,0.02798773599,0.03260608357,0.03243601784,0.0316189871,0.0270074784,0.02685318653,0.02155199512,0.02154048243,0.02412647012,0.02417011166,0.01979355333,0.01976928433,0.01734693549,0.01752199281,0.01739887333,0.01712656887,0.01343389427,0.01640030796
East Asia,,,,,,,,,,,,,,,,,,,,,,,,,,,,,,,,,,
China,0.02454016116,0.02311243412,0.02449542068,0.01928066874,0.01693479599,0.01686233887,0.0165272667,0.01632650673,0.01655080691,0.01871465914,0.01835759685,0.01983086244,0.02059364653,0.01996288936,0.01938508233,0.01871858023,0.01869591636,0.01750164585,0.01716042546,0.01893523796,0.01733519862,0.01659082516,0.01700942672,0.01714340923,0.01738409288,0.01776771069,0.0176888659,0.01711242644,0.01673578209,0.01682911012,0.01756699471,0.01605259718,0.01623146278,0.01665339145
Japan,0.009417917661,0.009408219044,0.009483124403,0.009506638248,0.009228718001,0.009168766171,0.009112470757,0.009204378981,0.009385947747,0.009452483374,0.009159856097,0.009316728421,0.009403575398,0.009400466097,0.00926604016,0.009169168002,0.009029884325,0.008849873823,0.009078550456,0.009729695655,0.00949032561,0.009748235498,0.009567618417,0.009405385014,0.009578009221,0.009472835186,0.009295168165,0.009132294923,0.009624973569,0.009922314656,0.0101744793,0.01017010793,0.0110588643,0.01196069915
"Korea, North",,,,,,,,,,,,,,,,,,,,,,,,,,,,,,,,,,
"Korea, South",0.04002304289,0.03711127841,0.0369027269,0.03417894838,0.03192752669,0.02892332986,0.02743479663,0.02663387808,0.02794442004,0.0249257722,0.0245731752,0.02427877741,0.02315474377,0.02328664618,0.02331064888,0.02467282737,0.0248836867,0.02469638856,0.02489402769,0.02603514106,0.02462719203,0.02472955581,0.02499299881,0.02503009023,0.02529935781,0.02494981365,0.02459577881,0.02421489001,0.02496843576,0.02671299217,0.02803321622,0.02797473414,0.02769507949,0.02812045627
Mongolia,0.04281385375,0.03231535125,0.019094372,0.01712362705,0.01654355581,0.01620505926,0.01776947369,0.01638734822,0.01906537546,0.01835012306,0.02022480608,0.01781658408,0.01795567211,0.01509694317,0.01382730063,0.01017285885,0.009616566961,0.01053272166,0.008233067454,0.006296982251,0.007629972457,0.008372702367,0.009243056185,0.008223114899,0.008597252583,0.008755078324,0.008639109951,0.00762153817,0.006689524634,0.006615381191,0.007099094685,0.006195050725,0.00513936273,0.006014419929
Taiwan,0.05222878529,0.04966396703,0.04693055471,0.0495541097,0.04661400304,0.04107264775,0.04019739715,0.03723655652,0.03291177831,0.0287518508,0.02654749277,0.02655979744,0.02438001363,0.02345459138,0.02247277815,0.02131117038,0.0196743877,0.01998200948,0.02147373384,0.02326090948,0.02037649415,0.02058299912,0.02116529538,0.01942781506,0.0184770607,0.01866457585,0.01820816897,0.01823397911,0.01742968965,0.01815129598,0.01896840817,0.01873848251,0.01966099672,0.02173595052
South East Asia,,,,,,,,,,,,,,,,,,,,,,,,,,,,,,,,,,
Brunei,0.06437735269,0.06404350125,0.06245144781,0.05740231735,0.05982471359,0.05477265965,0.06249493831,0.07183964552,0.07529843893,0.06130418352,0.0406920549,0.03886397608,0.03870782758,0.03711419618,0.02532730088,0.02349427638,0.02303963195,0.02380152244,0.02261792369,0.02941072032,0.02850487901,0.0224224142,0.02159034489,0.02277507595,0.03086860958,0.03279290461,0.03539384639,0.0286512851,0.02636612485,0.03078587249,0.03634291769,0.03236367482,0.02611930025,0.02969107091
Cambodia,0.02071375594,0.02327896585,0.03145933014,0.01761289499,0.038423429,0.03577310579,0.03238454583,0.03003361162,0.026620479,0.02510029082,0.0220981321,0.01774810531,0.01519617405,0.01447518851,0.01296742212,0.01127579071,0.0104310008,0.009146120282,0.007982175078,0.01313127999,0.01493096881,0.01497788708,0.01547939822,0.01575896014,0.01656794879,0.01801622621,0.0190988363,0.02067355727,0.02208442429,0.02196481303,0.02395559548,0.02321957136,0.02090061602,0.02089682806
Indonesia,0.0141049292,0.01324064184,0.01356876007,0.01223557809,0.01266155617,0.01226309861,0.01264392528,0.01497741738,0.01019116844,0.00810812654,0.006844837635,0.005727926527,0.007001202088,0.009092850368,0.009457146217,0.00750789394,0.006587027776,0.007123619312,0.005789458045,0.00571133892,0.00617587092,0.006537767026,0.007115494734,0.009187698392,0.007778551782,0.008822667345,0.007922202135,0.008651913762,0.007189281905,0.007285637436,0.008862777289,0.007415284962,0.007679986614,0.006775410699
Laos,,,0.0867531237,0.08107511278,0.07522004062,0.05834195587,0.04186706844,0.03839007037,0.02594217254,0.01057742579,0.007915432167,0.007171152352,0.005839348984,0.004921569262,0.004337252864,0.003925086085,0.003431627448,0.003121737963,0.002738209072,0.002171947533,0.00204567129,0.002121265525,0.00199455065,0.001898951818,,,,,,,,,,
Malaysia,0.02555403465,0.03199283621,0.02986421736,0.02875245363,0.02847115281,0.02751345107,0.02400564375,0.02085558651,0.01605335348,0.0210148156,0.01634675548,0.02084922812,0.02219131397,0.02614806731,0.02263061968,0.02173929041,0.02007597401,0.01958502533,0.01824843765,0.01871486944,0.01490210106,0.01552853134,0.01413330707,0.01499295799,0.01455113016,0.01503898427,0.01384334794,0.01100334607,0.009601041267,0.008934132809,0.009996539202,0.009826469984,0.009020254052,0.009296717162
Myanmar,0.0339589051,0.03171004593,0.03354517933,0.03523108562,0.03541121128,0.03684832379,0.03493427864,0.02313722377,0.02008901211,0.01731383358,0.02001199222,0.01562561491,0.01127508161,0.01670462275,0.01657227031,0.01354601165,,,,,,,0.0385435141,0.03999636553,0.03789534379,0.04301360264,0.04089297083,0.03641948938,0.02359790432,0.02189740021,0.02990475889,0.04251728538,0.04085574549,0.03788582365
Philippines,0.02147246667,0.02010721068,0.0203646157,0.0215753564,0.02172446587,0.02294131535,0.02268407676,0.01914461376,0.0169729338,0.01615775846,0.01608226621,0.01471378833,0.01473890188,0.01550844829,0.0136062651,0.01277883936,0.01259095392,0.01291425916,0.01250329088,0.01202323394,0.01170132201,0.01153414552,0.0110670419,0.01189501729,0.01043127066,0.0108846304,0.01045585147,0.01167960834,0.01184247177,0.01131331325,0.01297240039,0.01406822541,0.01316526153,0.0124949555
Singapore,0.04632144473,0.04448356673,0.04471368646,0.04091764934,0.03791435128,0.04178797884,0.04253314039,0.04450036477,0.05211052961,0.05207353988,0.04518886294,0.04826249999,0.04924986287,0.04869647648,0.04416805051,0.04275043131,0.03922911194,0.03602552791,0.03850026794,0.03882423347,0.0338139844,0.03193874569,0.0310816619,0.03038491149,0.03047860385,0.03046712659,0.03095542713,0.02971874808,0.02807933274,0.02760175736,0.0281188318,0.02598793531,0.02577718633,0.02658665676
Thailand,0.02594250189,0.02645024814,0.02657422878,0.02524824499,0.02502383353,0.02273782373,0.02151525081,0.02173922505,0.01856368281,0.01623797633,0.01488111617,0.01429885203,0.01328279555,0.01232905677,0.01128356588,0.009861918407,0.009501232465,0.01019189201,0.01252661887,0.01540347609,0.01522555866,0.01390634503,0.01389888883,0.0134525092,0.01379976048,0.01337326797,0.01323310858,0.01330982428,0.01326393515,0.0132729814,0.01460779281,0.01418368487,0.01244545775,0.01165581153
Timor Leste,,,,,,,,,,,,,,,,0.01780229288,0.03769281622,0.04372697126,0.03647031611,0.05018709589,0.02992628714,0.01969493477,0.02877283695,0.02270369043,0.02046845851,0.02318050677,0.01588331516,0.01594409977,0.01317859198,0.01695750764,0.01781690141,0.01083121617,0.01107085196,0.01261870587
Viet Nam,0.0791085687,0.05595317246,0.03374588355,0.02258694691,0.02649355305,,,,,,,,,0.02128641129,0.0201437984,0.01780960852,0.01938364584,0.02304757337,0.02156372927,0.0226520867,0.01815395878,0.01556549363,0.0171831332,0.01744077037,0.01822957718,0.01907028056,0.0195056177,0.01803872287,0.01806501389,,,,,
Central Asia,,,,,,,,,,,,,,,,,,,,,,,,,,,,,,,,,,
Kazakhstan,,,,0.01062620209,0.008387317493,0.01032421663,0.0120199446,0.01112939006,0.01149738283,0.008196070594,0.007846450804,0.009998174795,0.009983377015,0.01029927459,0.00988239741,0.01036321239,0.009789987957,0.01296876822,0.01154668506,0.01103033241,0.01014415565,0.009365135848,0.01046906371,0.01078084604,0.01041692133,0.01109721547,0.009335517653,0.00831894968,0.008356257585,0.01020916367,0.009071886762,0.008192816836,0.005174358496,0.004800590371
Kyrgyz Republic,,,0.008529556786,0.008250555587,0.01090281591,0.01790516937,0.01547980068,0.01763018686,0.01590634088,0.01851247589,0.01882678682,0.01454422566,0.01615087079,0.01696728798,0.01683306778,0.01614401811,0.01665639507,0.01338821859,0.0118919891,0.01433109918,0.01611018527,0.01394428004,0.01627972215,0.01622360822,0.01713569023,0.01752024087,0.01697389571,0.01576011089,0.01537258862,0.01375916892,0.01577174999,0.02840273088,0.03053051955,0.03621908071
Tajikistan,,,3.66E-06,3.48E-05,1.72E-05,0.01098613251,0.01289141005,0.01695094937,0.01713031604,0.0139204461,0.005981745325,0.005807838825,0.01048836933,0.01118791495,0.01131336328,,,,0.0102218714,0.009547685086,0.009528551247,0.0109380664,0.009991427228,,0.01128385045,0.01281971819,0.01208067166,0.01037185337,0.01048565277,0.009969662495,0.00947973987,0.01024153613,0.02002598683,0.01223998543
Turkmenistan,,,,,0.01797647059,0.02315846154,0.02041744359,0.03962270214,0.0311402735,0.02901874751,,,,,,,,,,,,,,,,,,,,,,,,
Uzbekistan,,,,,0.01527482351,0.01108028667,0.01234185876,0.01402495828,,0.01637649977,0.01151779873,0.008347707975,0.005977928228,0.005389213035,,,,,,,,,,,,,,,0.03555482552,,,,,
Europe,,,,,,,,,,,,,,,,,,,,,,,,,,,,,,,,,,
Central Europe,,,,,,,,,,,,,,,,,,,,,,,,,,,,,,,,,,
Albania,0.0588830072,0.05791270422,0.04670887824,0.03199451067,0.0254781906,0.02053587359,0.01379029627,0.0128308078,0.01238242561,0.01249210099,0.01246360242,0.01309291375,0.01320034494,0.01336842924,0.01381157942,0.01350004971,0.01567769089,0.01820765344,0.01984868857,0.0151721714,0.01558591893,0.01528266338,0.01487082577,0.01408982101,0.01346515991,0.01162303864,0.01103581009,0.01109151006,0.01160544785,0.01280805962,0.01295835703,0.01242988084,0.01210983436,0.01743991677
Bosnia and Herzegovina,,,,,,,,,,,,,0.03904372905,0.0241669769,0.01889602808,0.01544219658,0.01386533469,0.01236152896,0.0122061206,0.01376586212,0.01280341444,0.01136430264,0.01145571921,0.01087055798,0.01025826887,0.009888576225,0.009227722701,0.008525935623,0.008400473566,0.008073242249,0.008272982832,0.007425767749,0.006790977273,0.008083823195
Bulgaria,0.0383344349,0.03043231573,0.02972633843,0.02609271612,0.02492617286,0.02374131284,0.02402934109,0.02430701355,0.02453059147,0.02645171956,0.02652455762,0.02862519544,0.02779676555,0.02691201472,0.02373711682,0.02235350267,0.02081761908,0.02228539901,0.02131863983,0.01739511501,0.01642461524,0.01314000256,0.01329818965,0.01454042831,0.01309602232,0.01245933607,0.01243845808,0.01222208548,0.01449294138,0.03133568989,0.01593461166,0.01517490896,0.01592286696,0.01847372803
Croatia,,,0.07607386443,0.1072675715,0.1114817729,0.09175691323,0.08163214704,0.07521586424,0.05595251297,0.04416376933,0.03020986603,0.02704608554,0.02709843611,0.02027701044,0.01741865921,0.01745636992,0.0167013536,0.01616809326,0.01831721546,0.01789815051,0.01670803873,0.01741182865,0.0166162233,0.01617595434,0.01816339094,0.01753806728,0.01593523321,0.01636766798,0.01546967515,0.01603503586,0.01702561337,0.01969444083,0.0179282877,0.01779892199
Czechia,,,,0.02330404066,0.02283400858,0.01843622773,0.01731904688,0.01662045791,0.0182593182,0.01859069923,0.01877356956,0.01751249558,0.01824406968,0.01892764044,0.01713703173,0.017788222,0.01567835336,0.01423716289,0.01232471567,0.01310564143,0.01194772181,0.01077836499,0.01063216817,0.0101508372,0.009662278181,0.009465820956,0.009961281026,0.009566554217,0.01088449481,0.0115229255,0.01322449949,0.01397345793,0.01378528444,0.01524189624
Czechoslovakia,,,,,,,,,,,,,,,,,,,,,,,,,,,,,,,,,,
Estonia,,,,0.007617519609,0.01041630274,0.00958098327,0.008735960738,0.01046772487,0.01067491718,0.01287113364,0.01376327115,0.01502214462,0.01667129501,0.01743049295,0.01699689225,0.01450919932,0.01387562066,0.01657320236,0.01767197613,0.01799059796,0.01700425622,0.01678933303,0.01897672784,0.01908963649,0.01925357386,0.02026041742,0.02069164366,0.02009766509,0.0200908712,0.02035703972,0.02296756834,0.02030866221,0.0216044264,0.02866653874
German Democratic Republic,,,,,,,,,,,,,,,,,,,,,,,,,,,,,,,,,,
Hungary,0.02563538027,0.02161469799,0.02179653172,0.0190656829,0.01824134384,0.01324727483,0.0125906104,0.01476684403,0.01272164175,0.014336126,0.01513100227,0.0157012709,0.01593773802,0.01642621594,0.01472723819,0.01409836156,0.01218566507,0.01267214251,0.01179767562,0.01125985152,0.01021990357,0.01037090564,0.01026498561,0.009434037793,0.008578096308,0.009047220733,0.01002019904,0.01193552897,0.01006068448,0.01335242487,0.01760069365,0.01323741311,0.01835657226,0.02127843188
Kosovo,,,,,,,,,,,,,,,,,,,0.0001630279414,0.004815972705,0.007226070271,0.008047759494,0.007039537361,0.007217407105,0.007583292677,0.00794280304,0.007778681424,0.008028997272,0.008044205884,0.008317271717,0.01023037391,0.008459288152,0.01144841694,0.01254180357
Latvia,,,,0.007352954064,0.00838757227,0.008056568444,0.006391446833,0.005821149087,0.005878479865,0.007509408284,0.008817150116,0.01041538764,0.01542208276,0.01610024275,0.01595658217,0.01610621927,0.0170523464,0.01550398796,0.01622641376,0.01377367841,0.01083592529,0.01071148117,0.009076622429,0.009389419584,0.009434600358,0.01037354277,0.01450062283,0.0159351134,0.02061498113,0.02021400078,0.02162111015,0.02087023385,0.02094158528,0.02267542675
Lithuania,,,,0.008122606433,0.004933775985,0.004543728738,0.005039800092,0.007471111529,0.01229254336,0.009701024918,0.0121669999,0.01361943638,0.01271288746,0.01121228498,0.01195943282,0.01163454008,0.01165184813,0.01113607567,0.01131608552,0.01082803783,0.008786590921,0.007907008481,0.007652658101,0.007629074821,0.008795962577,0.01137748174,0.01477505872,0.01712070468,0.01966374947,0.01995540754,0.02065238584,0.01956510322,0.02446621591,0.02715678345
North Macedonia,,,,,,,0.02813676742,0.02128246944,0.02098239761,0.01713820606,0.0185082146,0.06100395628,0.02645597519,0.02341701159,0.02380104071,0.02029263306,0.01836537687,0.01950069695,0.01742340869,0.01688164562,0.01382154611,0.012621871,0.01225319662,0.01169437189,0.010929608,0.009934276918,0.009701159779,0.008950414065,0.009431087327,0.01159116286,0.0124058657,0.01471932093,0.01622927657,0.01698955456
Montenegro,,,,,,,,,,,,,,,,0.02694363326,0.02290713163,0.01744058487,0.01872182462,0.01843761273,0.01814347747,0.01748969303,0.01656461773,0.01452261426,0.01472272349,0.01403717598,0.01411280635,0.01362776774,0.01369294873,0.01334411964,0.0173802726,0.01555280195,0.01607464952,0.0163424966
Poland,0.02612485744,0.02251650225,0.02230999443,0.02469187315,0.02273232103,0.01955507055,0.01967919401,0.02031306697,0.02019081314,0.01901135771,0.01830336585,0.01905638001,0.01900638649,0.01908042037,0.01873241006,0.0192612987,0.0192075038,0.02002032828,0.01752139711,0.01797416228,0.01847852155,0.01803183618,0.0181467677,0.01798449936,0.0191903676,0.0214054583,0.01949217707,0.01901659981,0.0204480025,0.0197509539,0.02287485156,0.02242623614,0.0222856109,0.03832728539
Romania,0.04547415049,0.04773334664,0.04247682517,0.02740608015,0.03114728408,0.02613447685,0.02369072926,0.03017649962,0.03004174864,0.02640259267,0.02498914184,0.02420745188,0.02287296075,0.02088487134,0.02007657561,0.02006993609,0.0184512546,0.0149361826,0.01399984366,0.01278069612,0.01226976607,0.01235568669,0.01173925228,0.01292230767,0.01347663784,0.01450718244,0.01427704541,0.01733755102,0.01791444235,0.01835598714,0.02009504298,0.01852593471,0.01724874287,0.01613895295
Serbia,,,,,,,0.03511285895,0.03786504467,0.03511897979,0.04005947435,0.0515394319,0.04027571198,0.04209954106,0.03447908471,0.02973161564,0.02273943574,0.02170621199,0.0225051717,0.02129798112,0.02157276458,0.02085965342,0.02003645029,0.01970993656,0.01900659932,0.01940768764,0.01826086336,0.01742945288,0.01909058138,0.01636687885,0.02526470748,0.02375584634,0.0231320388,0.02711341294,0.02853246386
Slovakia,,,,0.01996360321,0.01939519014,0.03154558108,0.02973828668,0.02283116245,0.01744336533,0.0157382655,0.01655312382,0.0184316099,0.0177602684,0.01841111076,0.01652006017,0.01679090524,0.01593998023,0.01478388924,0.01459385052,0.01516486667,0.01249182959,0.01067062719,0.01078082838,0.009786181597,0.00984879429,0.01109501869,0.01116098937,0.01104288837,0.01221700974,0.01704971445,0.01922004789,0.017415465,0.01808560967,0.02016534749
Slovenia,,,0.02247233332,0.0181730135,0.01654074662,0.01573034776,0.01536362812,0.01401368318,0.01361182469,0.01211302468,0.01093166275,0.01300482474,0.01387618576,0.01403798337,0.01430651945,0.01420197162,0.01542182213,0.01442914542,0.01492919141,0.01586156825,0.01603125212,0.01292170764,0.01166791234,0.01046948256,0.009737395882,0.009301195316,0.01004287078,0.009817806375,0.009778567903,0.0105433161,0.010585627,0.01233770567,0.01292127759,0.01336650065
Yugoslavia,,,,,,,,,,,,,,,,,,,,,,,,,,,,,,,,,,
Eastern Europe,,,,,,,,,,,,,,,,,,,,,,,,,,,,,,,,,,
Armenia,,,0.02203389831,0.02296644333,,0.04059311908,0.03281867004,0.0390939856,0.03528096003,0.03697374231,0.03560024873,0.03127249385,0.02697714749,0.02728372214,0.02741996705,0.02871931363,0.02947613156,0.03042574701,0.03395579363,0.04157049908,0.04265646056,0.03853946441,0.03583766919,0.03997244557,0.03943378265,0.04239225786,0.04090349217,0.03849730577,0.04119886153,0.04787705841,0.04982543724,0.04465144759,0.04081745959,0.05450925003
Azerbaijan,,,0.02400225621,0.05000467786,0.0194658459,0.02736901303,0.02254230341,0.02324049799,0.02412355913,0.02625109931,0.02267862063,0.02312062608,0.0224331377,0.02426362555,0.02629481138,0.02299069675,0.03417759333,0.02864194919,0.03291211146,0.03325421682,0.02791004357,0.04670135555,0.04658618252,0.0454092331,0.04555013124,0.05464876793,0.03688527303,0.03756301732,0.03549293313,0.03849018636,0.05241526025,0.04930517407,0.03799536412,0.04602103148
Belarus,,,0.01622498648,0.02790971461,0.03621608255,0.01699463769,0.0126069256,0.01768966551,0.01495098702,0.01366760738,0.01346984151,0.01438290747,0.01400245801,0.012990639,0.01358222314,0.01498453135,0.01709412492,0.01649765914,0.01453492852,0.01372576981,0.01341383433,0.0122449511,0.01229218722,0.01270796652,0.01042327636,0.01138066024,0.01523280919,0.01372004441,0.01537994289,0.01396422976,0.01403258599,0.01365289266,0.01648693135,0.01797703363
Georgia,,,,,,,0.02210173027,0.01253587669,0.01136973956,0.009243748559,0.006155824908,0.007401860053,0.01000532997,0.01068489125,0.01373838972,0.03339169797,0.05218306951,0.09159116517,0.08520118395,0.05606597051,0.03709632391,0.03102968685,0.02983734098,0.02570552435,0.02357939594,0.0200294589,0.02081640315,0.01969742969,0.01897113157,0.01776554016,0.01805477831,0.0161153573,0.01465733101,0.01681143766
Moldova,,,,0.005300671576,0.007737940673,0.009259659368,0.009066936563,0.00902772521,0.006248552282,0.005112991429,0.003872824993,0.004025923166,0.004198465871,0.004163812645,0.003609790365,0.004002351012,0.004826344764,0.005161935417,0.006085356171,0.004578866491,0.002628791746,0.002729496004,0.002740799166,0.002812615459,0.002931854464,0.002956245013,0.003441912821,0.00324532007,0.003323237431,0.003621223789,0.003854632777,0.003777285114,0.003288750315,0.005466788159
Russia,,,0.04427032321,0.04181324647,0.04523700655,0.03784429967,0.03756558821,0.04039809297,0.02732649089,0.03073287922,0.03307029837,0.03546319229,0.03756277391,0.0367083809,0.03300353647,0.03331237234,0.03246357234,0.03118542075,0.0314948602,0.03924063403,0.0358508572,0.03433043838,0.03689240435,0.03854042583,0.04112992978,0.04871514747,0.05425147705,0.04248996052,0.0371982244,0.03860337504,0.04171478901,0.03611740683,0.04690034831,0.05864188872
Ukraine,,,,0.004346458191,0.02417771795,0.02734947609,0.03178834493,0.03988240904,0.032440318,0.02883527639,0.03511082849,0.02769267195,0.02676199506,0.02745578771,0.02506824335,0.02792489331,0.02771591813,0.02870002817,0.02672922275,0.0284035387,0.02741996542,0.02258287711,0.02353451977,0.02392895308,0.02967368259,0.03847848476,0.03668617869,0.03241492915,0.0363516608,0.0406793765,0.04400314703,0.03425491996,0.2587994357,0.3665310994
USSR,,,,,,,,,,,,,,,,,,,,,,,,,,,,,,,,,,
Western Europe,,,,,,,,,,,,,,,,,,,,,,,,,,,,,,,,,,
Austria,0.01195660267,0.01154217118,0.01099214072,0.01115584541,0.01094453076,0.01073232052,0.01049682977,0.01046433982,0.01018072863,0.009802461234,0.009803185801,0.009082400407,0.008835278366,0.009136403188,0.008934804662,0.00850142574,0.007858132445,0.009004571728,0.008707051231,0.008333795647,0.008212327115,0.007908975585,0.007784642506,0.007508253831,0.007477800954,0.006981164131,0.007297376918,0.007572790337,0.007450280396,0.007503596575,0.008841271451,0.008736941369,0.007685285662,0.008442748407
Belgium,0.02355440459,0.02287692847,0.0183233253,0.01735965893,0.0167714315,0.01565752151,0.01540102651,0.01476975796,0.01463919265,0.01385835559,0.01341210276,0.01276504166,0.01215712208,0.01214988156,0.01149272139,0.01096641182,0.01056123069,0.01098018764,0.01221914517,0.01167768437,0.01090488217,0.0105221777,0.0104175649,0.01008959479,0.009709597911,0.009092842021,0.008947062362,0.00883563446,0.008913580848,0.008884293809,0.01012484707,0.01038726627,0.01182396426,0.01214615996
Cyprus,0.07374035613,0.07264776122,0.09129286044,0.04074952605,0.04023989196,0.03041034215,0.04524714829,0.0557391077,0.04676317946,0.0273385097,0.02822090151,0.03153222159,0.02130160735,0.01985163124,0.01955769162,0.02037469743,0.01899997863,0.01684599658,0.01629704944,0.01816819508,0.01852924551,0.01737832091,0.01654751702,0.0160700909,0.0154260196,0.01647667627,0.01404557612,0.01568102939,0.01760545917,0.01786619013,0.01920171746,0.01837920412,0.01822731036,0.01824603006
Denmark,0.01950757035,0.0195468015,0.01889377285,0.0190719767,0.01770109883,0.01685314665,0.01644816658,0.01615961205,0.01608026388,0.01564854723,0.01457444051,0.0153238072,0.01508149852,0.0146685125,0.01423704234,0.013114885,0.01377492014,0.01307246829,0.0135500459,0.01350178625,0.01398621787,0.01313531285,0.01351818973,0.01227252,0.01149273286,0.01111446012,0.01147637617,0.01138233254,0.01277539272,0.01295092381,0.01377131121,0.01300122237,0.0136761549,0.01953195964
Finland,0.01563351499,0.01781231036,0.01907131012,0.01868011507,0.01755603595,0.01422541499,0.01530472271,0.01535155051,0.01463175558,0.01223103772,0.01241147504,0.01144512833,0.01154637229,0.01446857263,0.01470163565,0.0146451774,0.01442401862,0.01287520506,0.01390939404,0.01560742356,0.0149175816,0.01489408984,0.01526584659,0.01533860935,0.01451930187,0.01449960972,0.01419652626,0.01351297608,0.01362534374,0.01353717616,0.01425822768,0.01291232769,0.01573638073,0.02421486176
France,0.02805267627,0.02812136438,0.02690660711,0.02689534806,0.0266037496,0.02492496189,0.02414473951,0.02375409653,0.02226208307,0.0217784297,0.02085018245,0.0203069529,0.0204625799,0.02095680413,0.02104350835,0.02023706919,0.019750983,0.01907528634,0.01897075896,0.02098147335,0.01969419353,0.01891406214,0.018710806,0.01849875918,0.01862961439,0.01872258281,0.01917282368,0.01908642012,0.01843008723,0.01836461471,0.01996477743,0.01914406115,0.01932423538,0.02056386738
Germany,0.02518432707,0.01997834988,0.01860479941,0.01693538323,0.01550276433,0.01495022014,0.0146585846,0.01409301733,0.01390894786,0.01395074355,0.01358883033,0.01323438303,0.01327958121,0.01316924865,0.01268957396,0.01065629701,0.01199302958,0.01172471765,0.01209034004,0.01310604073,0.01266826626,0.01206150336,0.01241677479,0.01185257901,0.01149941997,0.01137338427,0.01151230373,0.01153403721,0.01170548545,0.0126184145,0.01374271755,0.01321027243,0.01377138421,0.01519651921
Greece,0.03798260327,0.0348486511,0.0362980089,0.03600124696,0.03581972329,0.03173190196,0.03311913282,0.0336586889,0.03533868815,0.03360469945,0.0346535532,0.03251412856,0.03077374575,0.02493894752,0.0260567253,0.02836596277,0.0278341887,0.02679305921,0.02983052345,0.03224841138,0.02750218262,0.02522278766,0.02443775587,0.02367772009,0.02352287668,0.02463303289,0.02572120224,0.02563489907,0.02716453073,0.02622453075,0.03069343545,0.038668791,0.04024239729,0.03234407558
Iceland,,,,,,,,,,,,,,,,,,,,,,,,,,,,,,,,,,
Ireland,0.01203503284,0.01253935313,0.0120411855,0.01139225149,0.01108732591,0.01014359388,0.00989927159,0.009240661274,0.00823869516,0.007506764987,0.006956977421,0.007035171563,0.006340137204,0.005875409359,0.005683222921,0.005406126988,0.005131512439,0.005087547942,0.005769878202,0.006011690206,0.005747607217,0.005443958136,0.00514158094,0.005023269382,0.004599174135,0.003411676242,0.003357866479,0.003060346274,0.002864635003,0.002789054021,0.002675552143,0.002469649232,0.002186526647,0.002168578826
Italy,0.01880798413,0.01858852684,0.01751976983,0.01786767973,0.0171374276,0.01467843143,0.01588492279,0.01626692799,0.01644508879,0.01683299798,0.01741059504,0.01679364738,0.01706187246,0.01708995537,0.0168267327,0.01600968764,0.01521343326,0.01447052519,0.01535674797,0.01554210702,0.01500494576,0.01475956597,0.01426924977,0.01399020419,0.01282969654,0.01208228326,0.01334835252,0.01357370559,0.01359290935,0.01311509625,0.01738983981,0.01681262242,0.01694557522,0.01605782893
Luxembourg,0.007883446809,0.008113851631,0.00827198401,0.007071544338,0.007415614355,0.005953268782,0.005870360474,0.006138900401,0.006399205041,0.005714019259,0.005441185431,0.006802870798,0.005868255356,0.006071799417,0.006112354709,0.005847761571,0.005207877127,0.005016240068,0.00364912795,0.003713117571,0.004410094967,0.003767755888,0.003589372517,0.003584923758,0.003668568259,0.004155715279,0.003789491573,0.004951109172,0.005006556427,0.0054619838,0.005780770822,0.004712492361,0.00625326007,0.007490545295
Malta,0.009149180122,0.008711198922,0.00973183399,0.01001961048,0.01024059115,0.008423582479,0.008748123692,0.008246911937,0.007314718581,0.006836546725,0.006255173487,0.006669174494,0.006358460673,0.006301229088,0.006705300172,0.00819604968,0.006530517507,0.006176907215,0.006163691989,0.006797510221,0.006505909256,0.005806402387,0.005275878994,0.00509947595,0.004867615504,0.004672037168,0.005118888441,0.004796257976,0.004343253151,0.005018687331,0.00566881931,0.004863194331,0.004325294124,0.005586440181
Netherlands,0.02369019885,0.02248531531,0.02213002596,0.02027829408,0.01913060975,0.01794240505,0.01756607736,0.01659273183,0.01580648061,0.01589825426,0.01434004341,0.01437906869,0.01426556012,0.01443809598,0.0142682784,0.01396485279,0.01393389057,0.01354716798,0.01305319238,0.01397633322,0.01325433715,0.01288365349,0.01235408888,0.01166151624,0.01159687891,0.01132711505,0.01163626918,0.01156803668,0.01216674182,0.01318360996,0.01441263983,0.01398251984,0.01352189612,0.01532562471
Norway,0.02886226894,0.02747487196,0.02964700275,0.02687349845,0.02733137082,0.0230749104,0.02163074974,0.02016079571,0.02156737667,0.02039105571,0.01705831873,0.0170454146,0.02080591931,0.01974854487,0.01848785144,0.01575884673,0.01444668028,0.01459172078,0.01370333717,0.01596909799,0.01507627955,0.01442527551,0.01393189996,0.01405252181,0.01462279428,0.01498123273,0.01617343836,0.01705153286,0.01715297375,0.01843735378,0.01965983692,0.01721024214,0.01500521302,0.01607281158
Portugal,0.01840828125,0.01829954782,0.018052441,0.01786507066,0.01681212758,0.01706989856,0.01601643929,0.01541156921,0.01422612288,0.01425842485,0.01406467963,0.01444503172,0.01464020232,0.01432693408,0.01504873987,0.01593791803,0.01512085233,0.01377908102,0.01415946746,0.01534063766,0.01488218032,0.01491798479,0.01405859949,0.01441121063,0.01307686642,0.01326558396,0.01541102961,0.01237067882,0.01340259639,0.01374696314,0.01429790701,0.01519533089,0.01399269065,0.01519297124
Spain,0.02293305209,0.02129192231,0.02042803676,0.02011871737,0.02001337402,0.01917022395,0.01814439016,0.01722815679,0.01757319949,0.01755234589,0.01725517988,0.01629584033,0.01455973702,0.01422544393,0.0143022118,0.01387177754,0.01370007461,0.01363106312,0.01367620485,0.01358353837,0.01387378124,0.01331876555,0.014236304,0.01272360404,0.01253912424,0.0127023204,0.01137135909,0.0123002911,0.01254333772,0.01232704918,0.01366645517,0.01352117746,0.0143399657,0.01509012285
Sweden,0.02462220878,0.02319884632,0.02338790883,0.02263710804,0.02131466213,0.01753405038,0.01484602876,0.01908975899,0.01872623788,0.01865949445,0.01823067407,0.01777298254,0.0164115454,0.01596789969,0.0144128336,0.01406987515,0.01318205523,0.01299981508,0.01163747237,0.01159804344,0.01187128541,0.01101691164,0.01130110289,0.01112520539,0.01126447318,0.01066502053,0.01053016389,0.01023179205,0.01032246092,0.01093409226,0.01146086424,0.0118522396,0.01306042769,0.01473410629
Switzerland,0.01572147188,0.01537824886,0.01523709272,0.01366964345,0.01332284094,0.01355810883,0.01283756802,0.01220864103,0.01185203901,0.01086212205,0.01029280117,0.009918800801,0.009563883498,0.009266304194,0.008889250746,0.008330640365,0.007538084779,0.007182323237,0.007224844123,0.007317933767,0.006872201659,0.006947822577,0.006690017104,0.007126362424,0.006348983385,0.006513410828,0.006647504754,0.006656845568,0.006528765698,0.006963243248,0.007725589732,0.006744646982,0.006904637653,0.007027180045
United Kingdom,0.03983217695,0.04116802423,0.03864717766,0.03590649512,0.03381933718,0.02854199491,0.02724592322,0.02560148772,0.02495962275,0.02422909593,0.02372796645,0.02411122101,0.02485659675,0.02552062015,0.02497821368,0.02422716076,0.02369674403,0.02374657771,0.02487150085,0.02647724533,0.02567999605,0.02499039878,0.02417817484,0.02292320474,0.02184485492,0.02048908004,0.01984490968,0.0195002886,0.01944555695,0.01985253731,0.02162215913,0.02073222036,0.02073925588,0.02264879052
European Union,,,,,,,,,,,,,,,,,,,,,,,,,,,,,,,,,8.87E-05,6.75E-05
Middle East,,,,,,,,,,,,,,,,,,,,,,,,,,,,,,,,,,
Bahrain,0.05284791544,0.05703750648,0.05878071992,0.05369855167,0.05111302188,0.0518323179,0.05273939764,0.05068487413,0.05333103953,0.05503621544,0.03961670969,0.04148081632,0.04611106606,0.04658832803,0.04044928848,0.03214381095,0.03102947728,0.02956990234,0.02800161369,0.0361053525,0.03277823748,0.03591497227,0.03844490573,0.0414139763,0.04418512028,0.04644111349,0.04670635314,0.04320737742,0.04041086253,0.04029861016,0.0404564951,0.03553882997,0.03145693414,0.0310846001
Egypt,0.03467699536,0.03611744704,0.03215500632,0.03097736992,0.03153934651,0.03082036234,0.0297481187,0.02841485218,0.02659383291,0.02569767478,0.0255126514,0.0298556856,0.03278454797,0.0317728527,0.02877531237,0.02714220407,0.02606218603,0.02379634675,0.02180785485,0.02032645043,0.01952967052,0.01837025511,0.01648175793,0.01610056977,0.01689694836,0.01723147428,0.01666605152,0.014220317,0.01249966196,0.01180971797,0.01122475503,0.01122009271,0.01048481514,0.008705655097
Iran,0.02942650125,0.02169707967,0.01789305444,0.01700361202,0.02073010005,0.02154165885,0.02244864511,0.02498874725,0.02629079248,0.02404551738,0.02295042222,0.02418179297,0.02174576366,0.02405040265,0.02834557805,0.03036654498,0.033151938,0.02653982821,0.02683341921,0.03047705549,0.02786548061,0.02381634543,0.02686608468,0.02180771909,0.02116557061,0.02557090807,0.02796435563,0.0284433845,0.02243434496,0.02110689062,0.02167920054,0.02216287589,0.02111552074,0.02061403698
Iraq,,,,,,,,,,,,,,,0.01675589368,0.02242580305,0.01897571722,0.02239928025,0.02367759824,0.02899140076,0.0270935228,0.0230344022,0.01899568366,0.03315830961,0.02950613991,0.0541292532,0.03563305814,0.03862344256,0.02788104308,0.03294591288,0.03132321736,0.02309113575,0.01805718934,0.02073162775
Israel,0.1236268619,0.1558698291,0.1092507753,0.1152324399,0.1011996584,0.07918743906,0.07729654187,0.0747926786,0.06980216666,0.06530123302,0.06297164983,0.06508063123,0.0659401334,0.06486405973,0.06358035113,0.0626491269,0.06049564455,0.06367865558,0.06391801097,0.06148111929,0.05936345029,0.05769619827,0.0564197274,0.05458969055,0.05647196801,0.05436335947,0.05434059981,0.05445523572,0.05304525825,0.05088474268,0.0529504519,0.04964028431,0.04455739969,0.05317411534
Jordan,0.07751067583,0.09973089562,0.06924248719,0.06977109417,0.06539457019,0.04454248505,0.06026917517,0.06131506209,0.06274621651,0.06282233221,0.06256556426,0.05893078535,0.05446014467,0.06001059482,0.05141721289,0.0479532279,0.04659324009,0.05851282566,0.05994971561,0.0639138388,0.05741499828,0.05401641631,0.04655720907,0.0419373982,0.04203452619,0.04185162947,0.04435506301,0.04684353741,0.04560090871,0.04566237503,0.04717575676,0.04824773769,0.04896258774,0.04905378495
Kuwait,0.4851726727,1.173498232,0.3178602445,0.1244021918,0.1325923878,0.1358158131,0.1029264847,0.08086475871,0.08796559793,0.07590223879,0.07150148657,0.07700626085,0.0739919407,0.0654392425,0.05804460886,0.04343025942,0.03542645786,0.03590326759,0.03006072721,0.03971806323,0.03756148142,0.03501397266,0.0341374158,0.03271531827,0.03585618421,0.05007469397,0.05893519443,0.05607445364,0.05190854737,0.05421005984,0.06567730005,0.06590302545,0.04727843723,0.04895728613
Lebanon,0.07551951343,0.05154888674,0.07983998316,0.06011278768,0.06997713166,0.06711927989,0.05661852427,0.04305154639,0.04023252256,0.04770439292,0.05392100304,0.05447896245,0.04753300903,0.04675691109,0.04514245069,0.04478931727,0.04576037849,0.04632398404,0.04001314491,0.04020042001,0.04126553124,0.04058656606,0.03989376345,0.04165398139,0.04678175228,0.04486884345,0.05062663113,0.04505139801,0.04851794579,0.04242218385,0.03032645417,0.03366222464,0.02918488863,0.08913175817
Oman,0.1239094146,0.1106391029,0.121840929,0.115257307,0.117664526,0.1096764772,0.0940707829,0.09357911159,0.08216092167,0.07516788219,0.07085708783,0.08195640371,0.08100665655,0.07962034987,0.07860379597,0.07714034109,0.07099093619,0.06717564317,0.04960248224,0.06072570475,0.05648855165,0.06452751081,0.1058320315,0.09747272601,0.08860411814,0.09571167303,0.1056312623,0.08413249952,0.08267601442,0.07439211908,0.08030242505,0.0655798322,0.05043802558,0.05404266351
Qatar,0.1074387877,0.1301125479,,,,,,,,,,,0.03929969922,0.0333399484,0.02433859686,0.01993016269,0.01750507649,0.019598416,0.02010500927,0.01992213177,0.01473909083,,,,,,,,,,,0.06452355112,0.06962166119,
Saudi Arabia,0.1402429265,0.1246980799,0.1128415798,0.1246537228,0.1064478167,0.0927846839,0.08468077759,0.1100093542,0.1431103745,0.1138193602,0.1053440331,0.1141900489,0.09758063801,0.08687118465,0.08081555659,0.07730598875,0.07848365211,0.08527049978,0.07353436468,0.09617199992,0.08565677294,0.07172399149,0.07615807602,0.08890191412,0.1053506046,0.1302283819,0.09560482394,0.09846226924,0.08813335176,0.07794588442,0.0879217411,0.07229219837,0.06397422153,0.07086386302
Syria,0.06868086819,0.1042578732,0.08990662756,0.07238099842,0.0736414273,0.06949691317,0.06041916055,0.05882755318,0.05808381112,0.05810580496,0.05453656421,0.05480550468,0.05412501223,0.06248324272,0.05541838676,0.05026419904,0.04394446823,0.04100543653,0.03552339806,0.04027707759,0.04056141736,,,,,,,,,,,,,
Trkiye,0.03527705694,0.03754364248,0.038705665,0.03921417254,0.04051359337,0.03901649735,0.04139696943,0.04103672231,0.03184500909,0.03889017374,0.0366109467,0.03603457075,0.03795926881,0.03296047173,0.02697983717,0.02409370506,0.0235952228,0.02217929321,0.02199273923,0.02489311742,0.02271714219,0.02027506592,0.02009447799,0.01923959333,0.01871966551,0.01812848293,0.02050324605,0.02050065818,0.02523695409,0.02689859089,0.02431400362,0.01896972861,0.01189191679,0.01502664886
United Arab Emirates,,,,,,,,0.06759061481,0.0862972121,0.07669537998,0.08323722245,0.05612105523,0.04875531805,0.04692306267,0.0461147764,0.03656470678,0.03225974473,0.0328052137,0.03668022649,0.05457107773,0.06038592208,0.05466314528,0.05075556494,0.06034686251,0.05643651352,,,,,,,,,
"Yemen, North",,,,,,,,,,,,,,,,,,,,,,,,,,,,,,,,,,
Yemen,0.06551183444,0.07011218859,0.07277043191,0.07063920416,0.08398759041,0.06350578483,0.05281345941,0.05805752597,0.06081568704,0.05172722436,0.04915392365,0.05481014692,0.0689560795,0.06854552052,0.05301366496,0.04868317012,0.04308466835,0.04850723487,0.04445829498,0.05653648497,0.04685557034,0.04926461703,0.04573884277,0.04079527404,0.03966891088,,,,,,,,,