Country,1990,1991,1992,1993,1994,1995,1996,1997,1998,1999,2000,2001,2002,2003,2004,2005,2006,2007,2008,2009,2010,2011,2012,2013,2014,2015,2016,2017,2018,2019,2020,2021,2022,2023
Africa,,,,,,,,,,,,,,,,,,,,,,,,,,,,,,,,,,
North Africa,,,,,,,,,,,,,,,,,,,,,,,,,,,,,,,,,,
Algeria,0.05784061697,0.04044086313,0.06990371523,0.07086078862,0.09368375328,0.09354305425,0.1060394719,0.1175143107,0.127172306,0.1172222651,0.1200498597,0.1210219481,0.1050886831,0.1111028699,0.1125767264,0.0981309695,0.09029651978,0.08364512428,0.07686151793,0.08757450616,0.09090979616,0.1050590407,0.1025672921,0.1321872859,0.1343774161,0.1356559584,0.1520392043,0.1464090221,0.1359987109,0.1435874208,0.1569404564,0.1502495609,0.1267231917,0.1933568016
Libya,,,,,,,,0.1168725947,0.1421351864,0.1152520465,0.102677747,0.06296813508,0.05240134877,0.04835924007,0.04899972595,0.05023896855,0.03587782866,0.02809203885,0.03091836266,,,,0.08197794549,0.07162137205,0.1090678778,,,,,,,,,
Morocco,0.1450021379,0.1580369844,0.1511296179,0.1581092095,0.1629825654,0.1600396189,0.1761395375,0.1778011643,0.1703428214,0.1213568981,0.1090424486,0.1452658998,0.1249913489,0.1339743097,0.1226654863,0.1051285644,0.110609042,0.1065254246,0.1041111887,0.1081203358,0.1091352859,0.0975643195,0.09832848277,0.1155621536,0.1107830723,0.1041762152,0.1044478302,0.1059254129,0.1048964833,0.1047361052,0.1165520589,0.1200526679,0.1183592649,0.1112203904
Tunisia,,0.06326852338,0.06329051383,0.06191646192,0.06401789519,0.06258201467,0.06674141797,0.0670901084,0.06616899619,0.0617887365,0.06137680183,0.06045317977,0.05898390584,0.06026406429,0.05905310301,0.06006522384,0.06033916849,0.051545462,0.05197464296,0.05029016091,0.05150885151,0.05329487112,0.05079001384,0.05064449918,0.06526302425,0.07795991236,0.08176005553,0.07073337201,0.06890157359,0.08070218918,0.07855481245,0.07919697946,0.07046129479,0.07045826053
sub-Saharan Africa,,,,,,,,,,,,,,,,,,,,,,,,,,,,,,,,,,
Angola,,,,,,,0.06032920354,0.1387546419,0.06233867661,0.2737551734,0.1288332161,0.1078863067,0.0919173249,0.1093456472,0.1164700144,0.1391893868,0.1229091474,0.08167263888,0.06784488352,0.1046414628,0.1060447655,0.08704535907,0.0869861523,0.1202508238,0.128877331,0.1147984344,0.1239997368,0.1041408368,0.09503912687,0.08523622861,0.07462364417,0.06679816568,0.05841265228,0.05528156216
Benin,0.09239343991,,,,,,,,,0.04516935424,0.02639473179,0.02317345131,0.04074978526,0.04729118575,0.05061166462,0.04816420069,0.05118655558,,0.04563475194,,,,0.04931580267,0.04614196726,0.04927569783,0.04398737502,0.04366134629,0.05176336052,0.03822926119,0.03241634178,0.02405548086,0.02774540358,0.03182090134,0.03753952777
Botswana,0.101821366,0.1032777284,0.09897272008,0.1011454586,0.102269781,0.09059052403,0.07726972052,0.08009499727,0.08556251398,0.07521580664,0.08169209431,0.08986357984,0.09004296626,0.09154583436,0.08478110798,0.08226519964,0.08071135431,0.07578656891,0.06455903272,0.0598189415,0.06165890101,0.06425209476,0.06113756874,0.0616762521,0.06147160035,0.07141478745,0.09964904487,0.09271059887,0.08149107472,0.08459592099,0.08662855719,0.08660596927,0.08094647942,0.07826500149
Burkina Faso,0.1314482341,0.1161707725,0.1124646756,0.09415325793,0.07961594783,0.07087144921,0.06463926189,0.06992550603,0.06342017088,0.05758135888,0.06244198398,0.05877563815,0.06051090832,0.06097434943,0.05958411319,0.05944976533,0.05075038518,0.06198865627,0.0668571414,0.06286339223,0.05655862559,0.05631731406,0.05188069229,0.04893343031,0.06079707932,0.0614369172,0.05387177757,0.05195302326,0.07949441224,0.09527545462,0.08787844907,0.08368536796,0.09212090581,0.1510510058
Burundi,0.1728187748,0.1637925576,0.1185305193,0.1382759866,0.2010518721,0.1636199574,0.2060140926,0.2911908101,0.2833899036,0.247561304,0.1972922448,0.2390261577,0.2260864862,0.1517342907,0.1201665791,0.133852762,0.09628083865,0.08763184132,0.06610091067,,,,0.06731240998,0.07139667165,0.08074710955,0.09199416213,0.0993677012,0.08312272046,0.08261048567,0.0975918227,0.07423964696,0.0672493952,0.06703755621,0.1022963081
Cameroon,,,,,,,,,,,0.08008987511,0.07778555575,0.08500196803,0.08986482053,0.08774837173,0.09205194399,0.09835135471,0.09222676949,0.07890862131,0.08392620438,0.08483797304,0.06364800919,0.06852461251,0.06065423657,0.05507783564,0.0547563538,0.05679760474,0.05920565525,0.05993622791,0.05703580772,0.05812162471,0.05770153996,0.05499518503,0.05625886215
Cape Verde,,,,,0.0158766032,0.02445150707,0.01791622131,0.01934569027,0.02334527825,0.02081909891,0.02738343538,0.02426661006,0.0182692971,0.02234084618,0.01945736697,0.01936060671,0.01693699658,0.01778469405,0.01987630991,0.01468904158,0.01264213184,0.01572052402,0.0160227033,0.01566938972,0.01773926341,0.01777506161,0.02064144569,0.01681427264,0.01764411381,0.01571161479,0.0178716504,0.01775255527,0.0171461644,0.01744645588
Central African Republic,,0.06795293593,0.07033569046,0.07176235422,0.05606249528,0.05639133643,0.1031086285,,,,,,0.06533857549,0.1029338931,0.08831407447,0.06745184681,,0.08460877678,0.09670632419,0.1092567116,0.1396318603,0.1446821591,0.1174574127,0.2115004958,0.1126569211,0.1128142857,0.1214340757,0.09690401363,0.07611080944,0.1058375893,0.07403313956,0.1092309275,0.09696503067,0.1271993223
Chad,,,,,,0.07674714884,0.08775566611,0.06104391386,0.06196433463,0.07215531852,0.07480314961,0.08707482993,0.08526578666,0.06837115771,0.07928071311,0.07228124244,0.2150180718,0.2629371418,0.3131257798,0.3295831326,0.236709352,0.2239816891,,0.2452239744,0.1276971077,0.1100761353,0.2113650438,0.1476643345,0.1720097264,0.1493242246,0.1541793559,0.1494797518,0.1459581102,0.1534098234
"Congo, DR",,,,,,,0.1493333333,0.1266973533,0.03471208435,0.1216457236,0.08847749177,,,0.09586876183,0.1793904711,0.1582334252,0.1566963652,0.1259631706,0.06927662342,0.05262682747,0.05349794239,0.06608048973,0.0825988078,0.08989948818,0.05139211741,0.07518945498,0.07364426581,0.0742349645,0.05095179988,0.05209112203,0.05807707336,0.03428104067,0.0325199879,0.06963150153
"Congo, Republic",,,0.1168659539,0.1109758717,,,,,,,,0.06163423139,0.06607581019,0.09004176386,0.1000518048,0.06861640555,0.0589305908,0.06704591799,0.07408292318,,0.07229489022,,,0.04822821976,0.08114016707,,0.1184026286,0.1194800506,0.1112791948,0.1065005575,0.1232291771,0.1117907978,0.08351348901,0.08891157652
Cote d'Ivoire,,,,,,,,0.0380430692,,,,,,0.07943025792,0.08113900796,0.07781779536,0.07513705256,0.07753836924,0.07551309595,0.08700912441,0.07791551696,0.07630883418,0.06818567264,0.06274781427,0.07018491285,0.07537628635,0.07086409962,0.05333713644,0.05917838936,0.05161478535,0.04728266753,0.04283741885,0.03917941715,0.03970674881
Djibouti,0.1622224178,0.176706199,0.1436193223,0.1343930284,0.1438094485,0.1568639141,0.1493626645,0.1504591251,0.1539759271,0.1499102277,0.1436219103,0.1532119808,0.169727432,0.1833074016,0.1495281425,0.1718366643,0.1922026865,0.1090962441,0.09107965302,,,,,,,,,,,,,,,
Equatorial Guinea,,,,,0.003896134539,0.01445647517,,,,,,,,,,,,0.0762776859,0.07451529844,0.06211061283,,,,,0.02424774279,0.02505199622,0.0445563896,0.05625105497,0.05901200369,0.07786350308,0.1015013214,0.1048476982,0.0774610065,0.07532943852
Eritrea,,,,0.4100380228,0.3261710037,0.3109362389,0.3829509494,0.2548011249,0.4772491989,0.4188476746,0.4979143306,0.4805102041,0.4447168216,0.4636614535,,,,,,,,,,,,,,,,,,,,
Ethiopia,0.3077163416,0.2258403795,0.1701783591,0.1569745162,0.1145475049,0.09008002867,0.07879144595,0.1509833283,0.2880473164,0.3616539407,0.2953037709,0.192335197,0.1484201691,0.119771103,0.1327337418,0.1206454501,0.1027121191,0.09079661446,0.07943088564,0.06923529615,0.06133034275,0.05983661558,0.05215927084,0.04541704292,0.04395003019,0.04071486697,0.03816043832,0.03754497085,0.04011659914,0.03777489984,0.03605479239,0.03565651153,0.06850633611,0.07537117491
Gabon,,,,,,,,,,,0.08334636956,0.06445375443,0.06932379886,0.07851054284,0.07728101763,0.06012642957,0.06068761474,,,,0.08105524058,0.06625243497,0.06763386266,0.04626003849,0.04819175542,0.05325159858,0.06625616849,0.1000006368,0.09069553863,0.09086366383,0.08682158114,0.09285875536,0.081301084,0.07273602212
"Gambia, The",,,,,,,,,,,0.0345247766,0.0252956636,0.02964426877,0.02548055431,0.01622377622,0.02243556023,0.01885245902,0.03174291328,0.09512987013,0.03408763072,,,0.04129983867,0.04392138402,0.06255646817,0.05153021188,,,0.03299265715,0.03358950445,0.03246168591,0.03634863976,0.03096643851,0.02641065287
Ghana,0.02648823529,0.03310869565,0.02563521127,0.02333333333,0.02217607362,0.02410778689,0.02149230769,0.02233764988,0.02629940594,0.02782746479,0.03440062035,0.01789498069,0.02278382582,0.02336708861,0.01884386617,0.01888347939,0.01704452358,0.02058913917,0.01663369761,0.01926343775,0.0142196982,0.02228661298,0.02699260184,0.01856264203,0.02313195071,0.02109775008,0.01465065592,0.01778497598,0.01559573511,0.01528718403,0.01113739636,0.01406523608,0.01249053015,0.01915030498
Guinea,,0.1050059296,0.08783118217,0.07246176779,0.07717099404,,,0.06690703639,0.08496461841,0.0990163002,0.08992161254,0.1536141063,0.1674515056,0.1196875224,0.1241676058,,,,,,,,0.1140961986,0.1260595361,0.1110222583,0.1160151112,0.1166324198,0.1017482313,0.1041625321,0.09835496431,0.0863294519,0.09958547945,0.1579769468,0.1381700648
Guinea-Bissau,,,,,0.01082602577,0.01965107362,0.02294056309,0.02044315992,0.05628289474,,0.1038344427,0.07863190035,0.09745110965,0.07977176716,,0.09394661022,,,,0.07522893242,0.09832987564,0.08756951433,0.1798782944,0.1576263465,0.082486363,0.06878063098,0.06163821579,0.07226373712,0.07007143409,0.08078847223,0.06347447648,0.05966820018,0.06766292334,0.06407470984
Kenya,0.08862438014,0.07623875338,0.05885520939,0.05330887148,0.04975261756,0.05409867293,0.0621314023,0.05755246938,0.05433006579,0.05971305451,0.06453205499,0.06994299203,0.07181656164,0.07179681373,0.07379583988,0.07410922174,0.07317586946,0.0745530867,0.07468208114,0.06733091606,0.06359202632,0.06858141834,0.06740804025,0.06006726912,0.05120343575,0.05049655248,0.04921441078,0.04917149842,0.04937759972,0.04559727782,0.04469858343,0.044854578,0.04430270228,0.0411434009
Lesotho,0.1087391304,0.09305135952,0.07732102908,0.06936720997,0.0688155922,0.07777604492,0.06870067644,0.06139740019,0.05602223032,0.07081632653,0.08444842692,0.0658734053,0.06009180997,0.05778894472,0.05594646799,0.05134486071,0.04558964067,0.0465191447,0.0285506697,0.03989372269,0.05517544795,0.03668997568,0.03584549779,0.03339164623,0.03770945651,0.03575808454,0.03639927597,0.04391398729,0.03831067686,0.03523524612,0.03412066098,0.02894917764,0.02762871944,0.02729007738
Liberia,,,,,,,,,,,,,,,0.04151376147,0.05344628099,0.03171138211,0.01242241379,0.01352209945,0.01608472554,0.01810887097,0.01781321023,0.01846593674,0.01809760479,0.01405319149,0.01289111498,0.01263917526,0.01144678112,0.01240994371,0.01296582915,0.01203451493,0.0284430622,0.03436915888,0.03505
Madagascar,0.07232834774,0.07908867989,0.03841796065,0.05452320437,0.04690007678,0.04882508067,0.06964000832,0.08528125279,0.06767826566,0.06801936269,0.06645312922,0.07811289455,0.08671644711,0.06870275729,0.04956038285,0.05023259269,0.04563053097,0.05975086295,0.06128711771,0.05901086199,0.04643246049,0.05175550081,0.05147431648,0.0455483356,0.04431719709,0.03994648539,0.0370148797,0.03387827884,0.03707749826,0.03550056826,0.04115875491,0.04952727587,0.03769468145,0.03454811673
Malawi,,,,,,,,,,,,,0.02174401914,0.01885973972,0.02613520896,0.04257736421,0.03097576876,0.02597564007,0.02875270351,0.03342925495,0.02602165249,0.02756708527,0.02897436899,0.03909851998,0.03178066332,0.02309486489,0.022892935,0.02525201486,0.03041597738,0.03938922727,0.03670537519,0.03087818307,0.03497985377,0.03958136423
Mali,,,,,,,,,,,0.07625128107,0.0706110106,0.06363547234,0.06819100511,0.06535268881,0.06398599044,0.06304140891,0.06305500924,0.07727228823,0.0621248144,0.06784247854,0.06035626077,0.07703293462,0.05880714352,0.07595185441,0.1127179816,0.1161866926,0.1321340029,0.1390425543,0.1189111699,0.1301778484,0.1256876881,0.1238209269,0.1418334926
Mauritania,,,,,,,,,,,,,,,0.1246774086,0.1064661654,0.1100055003,,0.1195409783,0.1240467759,,,0.09816959717,0.09928790585,0.09194187583,0.08401759816,0.1029737324,0.1044952234,0.112232887,0.1144246039,0.1311840233,0.1196562152,0.08221726558,0.09608099468
Mauritius,0.01110568709,0.01279096925,0.01253347428,0.01255528418,0.01108854167,0.01109055548,0.01032365329,0.00825765153,0.007305919631,0.007162404454,0.00853125,0.008210103293,0.007966087467,0.007542600229,0.006964678633,0.00688597714,0.006850601351,0.006541728776,0.006779531412,0.00658230912,0.00610134712,0.006317707679,0.006249765961,0.007823345927,0.006556488169,0.005818641022,0.007289472212,0.006818974538,0.006430709516,0.005349132696,0.004952151966,0.00555856833,0.004750009008,0.005240610359
Mozambique,0.1139130435,0.1075156576,0.101146325,0.09969657564,0.1073694485,0.05827865689,0.06009153994,0.05210011817,0.05938483403,0.0576079151,0.0542925227,0.04313822343,0.04830162784,0.04879178966,0.05504788821,0.04132838141,0.02999033896,0.03034030831,0.03042370853,0.02675713083,0.03265379321,0.0281357892,0.02964746359,0.02895026951,0.024323552,0.02570781644,0.03200838064,0.0339905692,0.04223035191,0.04957705729,0.06186555485,0.0621286475,0.04551344159,0.05626135293
Namibia,0.2020905923,0.1543436293,0.1152286734,0.06851464435,0.056118202,0.05833136931,0.05527079304,0.06582991803,0.06583911862,0.08685147849,0.07788473218,0.08809221658,0.08702383186,0.08371804736,0.08827741408,0.09464202696,0.09459747987,0.1000918374,0.1104912845,0.1055740433,0.1050153735,0.0929145272,0.09036612722,0.08369995332,0.1035088108,0.1036775544,0.09508734171,0.09246836557,0.09173480944,0.08813115782,0.08390537007,0.08203173766,0.07986696584,0.07478684495
Niger,,,,,,0.06430733313,0.06672664567,0.05878244675,0.06133811456,0.06224244505,0.06673262152,0.07411540012,0.0517838456,0.0519310733,0.05257904961,0.04828073152,,,0.04383545642,0.04103436911,0.05980892341,0.06262796503,0.09509628499,0.05083726255,0.05696345767,,0.08298355936,0.09276835534,0.08477998034,0.08892307127,0.07749393859,0.05594844729,0.07286514716,0.1022534968
Nigeria,0.02234160912,0.02113952084,0.01470257148,0.01799606918,0.02348548355,0.03869423539,0.03666871311,0.03197133998,0.03488012642,0.04071967998,0.02196816989,0.02528795165,0.04924077202,0.02459310086,0.02677237485,0.02231224948,0.02828496565,0.02042282945,0.03401264496,0.03278189789,0.03249944586,0.03348671221,0.03386158481,0.03320592034,0.03102848064,0.03779670638,0.04435621769,0.03591750641,0.03954416578,0.03666734109,0.05231576309,0.07591828115,0.04517335146,0.05524900509
Rwanda,,,0.1780803411,0.1976950898,0.2143663031,0.2132779963,0.2372031025,0.2114395129,0.2313082523,0.167596725,0.1625905643,0.1517523787,0.1270681252,0.1142357487,0.09704422852,0.07686701088,0.07984932088,0.06094443832,0.05815269326,0.05944827216,0.05105587809,0.044350958,0.04242610464,0.04032526349,0.04013294154,0.04565669351,0.0493670555,0.04977286501,0.04682374709,0.04246526548,0.04404391546,0.04790991711,0.04493808935,0.04554163778
Senegal,,,,,0.08766129918,0.0929979277,0.08234261501,0.08583523391,0.08737672584,0.08122682845,0.07435940378,0.06743223394,0.06872961146,0.06485368664,0.05892864551,0.06055312552,0.05972015069,0.06222240927,0.06170261702,0.06325579945,0.05600831961,0.05564640488,0.04847222289,0.05666295238,0.05252699267,0.05269116409,0.06685688925,0.06548810545,0.07391374916,0.06302529368,0.05310124808,0.06796021969,0.0572222767,0.05503640519
Seychelles,0.08741721854,0.08488372093,0.09325044405,0.04527665317,0.03840255591,0.04295719844,0.03545331529,0.03698644287,0.02855172414,0.03171841542,0.0303030303,0.03797070885,0.02977984208,0.03885949442,0.04755700326,0.04111675127,0.03245927139,0.03504479669,0.04261239368,0.03178779698,0.0213432172,0.02354255784,0.02426404996,0.02742894911,0.06810717373,0.04061341422,0.04074797656,0.04115812314,0.03689272503,0.03750770369,0.02984966383,0.0636331586,0.03757172534,0.04430108992
Sierra Leone,,,,,,,,,,,0.1535562364,0.1435981726,0.10810621,0.1091169398,0.08748735844,0.07911225394,0.08935674983,0.1039878377,0.05839331417,0.06157194413,0.04807692308,0.04026250572,0.03849892491,0.04113613957,0.05515834855,0.04452288137,0.04781441001,0.04522714664,0.03411002376,0.03161995344,0.02135017918,0.02249525661,0.02332952392,0.02346325713
Somalia,,,,,,,,,,,,,,,,,,,,,,,,0.2226495726,0.4044161074,0.372912,0.3482189781,0.2597184874,0.2856791045,0.2284076433,0.2079588983,0.2413673913,0.15794125,0.1978827586
South Africa,,,,,,,,,,,0.05504553497,0.0588311127,0.06159016318,0.05776435655,0.05335142007,0.04911666439,0.0467786712,0.04333121676,0.03996447537,0.03828540204,0.03548255699,0.03573081137,0.03611365306,0.03555153699,0.03485174491,0.03338174639,0.0324670535,0.03159969664,0.02967468401,0.02810836254,0.02764015293,0.02477771243,0.02365006436,0.02210895602
South Sudan,,,,,,,,,,,,,,,,,,,,,,0.2897360344,0.2774066673,0.2593187718,0.2367723236,0.2592460099,0.09006039531,0.06243619772,0.09825009895,0.07931460604,0.05473218302,0.03426413223,0.05796970397,0.08636858773
Sudan,0.1709677419,0.1172839506,0.1177631579,0.2075757576,0.1937869822,0.1608782435,0.1364102564,0.1293031066,0.3054417788,0.4775528169,0.431551872,0.250311643,0.2534763607,0.1486196538,0.2820128668,0.1676611331,0.1934024563,0.2085060959,0.2525844744,0.2907983895,,,,,,0.2191678101,0.228394729,0.2564547376,0.1056391272,0.08732531901,0.09096010042,0.09495771524,,
Eswatini,0.06323024055,0.06323319027,0.05836585366,0.06812390158,0.06644307469,0.07491026561,0.0639747191,0.06374663073,0.06549263352,0.05683699172,0.05719939374,0.04964809384,0.0485678392,0.0567626322,0.04965790421,0.06482687693,0.06486740874,0.05878505933,0.06062032144,0.06335565843,0.0747897477,0.08744635193,0.06876906016,0.06562845631,0.05731418371,0.05273987001,0.06097849686,0.05566128878,0.05864412064,0.0564522756,0.05666315695,0.05779477419,0.05426902477,0.04724687015
Tanzania,,0.1268485364,0.09864934177,0.0692140138,0.06360697517,0.08602718914,0.09574897429,0.09897170309,0.1028513743,0.08550597738,0.08859348621,0.09657844714,0.07881702054,0.0575808151,0.0481130573,0.04435202005,0.04432288139,0.04274098277,0.03861375513,0.03867417878,0.04524298877,0.04745988032,0.04667739611,0.05174409532,0.05875334537,0.06363376811,0.06467471915,0.06370744072,0.06371793274,0.06139336909,0.0617580665,0.06099350651,0.05926394995,0.06026804553
Togo,0.1086618013,0.1148253236,0.135160425,0.1549372613,0.1134580567,0.1084423038,,,,,,,,0.1139686728,0.09870936199,0.081539635,,,0.1008875927,0.0820386116,0.07943379294,0.0598618721,0.06086704469,0.0587236976,0.05941238496,0.05313613342,0.05904090388,0.08602319801,0.07904558802,0.1472679291,0.09361417088,0.1094926903,0.1594040912,0.1271807349
Uganda,,,,,,,,0.1197989954,0.1347410736,0.1387685747,0.1196291224,0.1072320612,0.1006895913,0.1061149765,0.1169392577,0.1201657286,0.1133406018,0.1088034314,0.1074508437,0.1035712672,0.1598836683,0.1675729196,0.08669320326,0.0697706347,0.06907922381,0.06825504228,0.06934086691,0.06738453717,0.07409650251,0.09375444936,0.1209018641,0.1153622166,0.09655747917,0.09576290238
Zambia,,,,,,,,,,,,,,,0.06792889146,0.0745748503,0.08194674622,0.08294227853,0.07978397426,0.08095549263,0.07653020555,0.06747653478,0.06214049155,0.05659863571,0.06716087598,0.06341420118,0.05973465875,0.0521096621,0.05183428774,0.04210837658,0.0342550805,0.03220063885,0.03960377562,0.0469156681
Zimbabwe,,,,,,,,,,,,,,,,0.09266572638,0.2326618705,,,,0.04512993572,0.06055477571,0.09114318442,0.08930896345,0.09232505643,0.09193971198,0.07363047502,0.0554235026,0.05607096172,0.05504619565,0.06872332416,0.07722032733,0.04896715594,0.0138052734
Americas,,,,,,,,,,,,,,,,,,,,,,,,,,,,,,,,,,
Central America and the Caribbean,,,,,,,,,,,,,,,,,,,,,,,,,,,,,,,,,,
Belize,,,,,,,0.04699631268,0.05399425287,,,0.02700616698,0.02460284653,0.02584137789,0.02660101089,0.03120444079,0.03394916799,0.03650234027,0.03654468792,0.04945241083,0.04410609834,0.03763742331,0.03585174419,0.03597901891,0.03669530444,0.03754359095,0.03216578303,0.03504905165,0.03677185008,0.03792227864,0.03726155606,0.03835714812,0.0427254,0.03589076409,0.03584215786
Costa Rica,,,,,,,,,,,,,,,,,,,,,,,,,,,,,,,,,,
Cuba,,,,,,,,,,,,,,,,,,,,,,,,,,,,,,,,,,
Dominican Republic,,,,,,,,0.05819929597,0.06049628781,0.05972964343,0.0730943403,0.08148945532,0.06427399977,0.04436511748,0.03967182598,0.04945189084,0.04031981965,0.03845536585,0.03787174176,0.04134429435,0.04159205012,0.03776515098,0.03301254893,0.03311235567,0.03832026428,0.03858697685,0.0373520985,0.03903296398,0.04244164642,0.03860763921,0.03377713409,0.03491451876,0.03608799952,0.03915255966
El Salvador,0.2142309678,0.1490012203,0.1112717551,0.09423142038,0.0752992559,0.06741322399,0.05497553381,0.05893473938,0.05255129263,0.05175629277,0.0446843402,0.05659333549,0.05671694142,0.04277027027,0.04338983051,0.04030937216,0.03793379605,0.04264743755,0.03918459796,0.04156270519,0.04257572548,0.04304661595,0.03830259563,0.0379029684,0.03749599231,0.0389833176,0.03727231672,0.03762076424,0.04152946152,0.0433688816,0.04220667649,0.03821084665,0.05002662302,0.04655720883
Guatemala,,,,,,0.1153824352,0.09505635537,0.06956936968,0.05761422955,0.04880392994,0.06412349555,0.07250433723,0.0549531964,0.05390954316,0.03574504737,0.02798245614,0.02943269773,0.02790112889,0.03119068269,0.02752522364,0.02827735869,0.02872493506,0.03177151121,0.03367656902,0.03123366053,0.03226695163,0.0350554851,0.030040877,0.02824607006,0.03199684353,0.02829603652,0.02900983723,0.0323553336,0.02981787035
Haiti,,,,,,,,,,,,,,,,,,,,,,,,0.001910906147,0.002430966619,0.003136742362,0.004667310305,0.004268232263,0.005433751536,0.00896248166,0.01028931935,0.01653278051,0.008289470025,0.006740394051
Honduras,0.08308248043,0.05438066465,,0.03452036794,,,,,,,0.03303067589,0.03281786942,0.0301836664,0.03775388608,0.0267264574,0.02717025494,0.0283857634,0.03174033343,0.03612305561,0.03791364881,0.04060176008,0.04365986269,0.04294234384,0.04664433749,0.04315508395,0.05194564546,0.05593169166,0.05919409101,0.05695411771,0.06084180448,0.05162664934,0.0520735313,0.06096065903,0.05859422108
Jamaica,0.03137016512,0.0296819788,0.05315167272,0.03704620462,0.02844455053,0.02267032786,0.0198748911,0.02248087141,0.01866951869,0.01711616544,0.01797361627,0.01723091961,0.01837680531,0.01744100234,0.01656684521,0.01756226236,0.0190467075,0.02014852383,0.02699706158,0.02394301449,0.02592130782,0.02846919086,0.03059333198,0.03257266244,0.03208053272,0.03142526914,0.03340448907,0.03341508921,0.04469117445,0.05629769146,0.0527826221,0.04638579472,0.0412688158,0.04057578642
Mexico,0.01718809143,0.01968525405,0.02243205987,0.02195257945,0.02513642979,0.02180090976,0.0209419241,0.02012036573,0.02084316593,0.02087034873,0.02107220572,0.02075448855,0.01979597376,0.01798235589,0.01702539439,0.0160902572,0.01378733318,0.01701044949,0.01408110072,0.01804494442,0.01635934535,0.01680513289,0.01687064876,0.01828534651,0.01837966117,0.01697240053,0.01809955392,0.01698161631,0.01860698874,0.02016139528,0.02583217523,0.02471172842,0.02404924215,0.02369161568
Nicaragua,,,,,,,,,,,0.02933673469,0.02740024711,0.03560464783,0.03176484603,0.02705233587,0.02538229018,0.02581674877,0.02475355225,0.02294790625,0.02210932208,0.02237710932,0.02236740074,0.02764821109,0.02803858912,0.02786365195,0.03060839955,0.02392009595,0.0229842816,0.02270293123,0.02173841985,0.02156820928,0.01797251224,0.0188923716,0.02016989482
Panama,,,,,0.0486278286,0.04339622642,0.05455525606,0.0498521335,0.03758583303,0.03821917808,,,,,,,,,,,,,,,,,,,,,,,,
Trinidad and Tobago,,,,0.01808312192,0.01894069476,,,,,,,0.006271645022,0.008724303417,0.01323373629,0.02506948815,0.02260563122,0.01966967777,0.02209046899,0.018501639,0.01915877632,0.0208838008,0.01926412493,0.02107965032,0.02359203385,0.01955082364,0.02150215201,0.02865719004,0.02751157407,0.0230111193,0.02363846107,0.02255867027,0.02829634333,0.02787003781,0.02821223742
North America,,,,,,,,,,,,,,,,,,,,,,,,,,,,,,,,,,
Canada,0.03981908637,0.0359879493,0.03456985014,0.03444890848,0.03369516493,0.03172712868,0.02978952707,0.02790856969,0.02815580948,0.02897315014,0.02747572426,0.02757412336,0.02764948287,0.02760815105,0.02821511514,0.02874060682,0.02903522128,0.03078451539,0.03212136823,0.03172574511,0.02773406684,0.02870198259,0.02732734781,0.02508379903,0.02579913567,0.02880447132,0.02856611559,0.03341695487,0.03240536016,0.03164630426,0.02657634453,0.02763640392,0.02886059865,0.03123650934
United States of America,,,,,,,,,,,,0.09561487584,0.102782636,0.112994316,0.119696649,0.1205509773,0.1199747731,0.1178820711,0.1197380464,0.117794776,0.1233629035,0.1243430687,0.1199046655,0.1125212666,0.1041803099,0.09892659812,0.096268089,0.09367406743,0.09349504641,0.09549710652,0.08246694,0.08038668315,0.09323326401,0.09055286779
South America,,,,,,,,,,,,,,,,,,,,,,,,,,,,,,,,,,
Argentina,,,,0.05779800756,0.0568143952,0.0576284549,0.04893382779,0.04514968764,0.0439388452,0.04285201194,0.04069803677,0.04007102469,0.04468856795,0.04307951563,0.03835481561,0.03468317778,0.02961427447,0.02682003901,0.02479514107,0.0256776862,0.02442821629,0.02189814614,0.02131435978,0.02227852525,0.02260062616,0.02055124312,0.01948953607,0.02061588087,0.01880140833,0.01835073595,0.0172816589,0.01667720771,0.01841400614,0.01252315191
Bolivia,0.1236450602,0.1111830955,0.09924392876,0.07050541516,0.08407462485,0.08131167268,0.07627902219,0.08039568651,0.08978480832,0.07264762039,0.07037180582,0.07261480489,0.05978313258,0.0670681042,0.05863505934,0.05174513078,0.04914624437,0.04560288466,0.06209328068,0.04917323994,0.08841456578,0.04763315492,0.05121241888,0.04791051934,0.04385245129,0.03945776771,0.03832963091,0.03980632445,0.04035395918,0.04023959048,0.03665593933,0.03854065875,0.02742530337,0.04202806764
Brazil,,,,,,,,,,,,0.04716664065,0.04111151411,0.03517533192,0.03556116862,0.03514703211,0.03465131183,0.03526327887,0.03460007099,0.03688548762,0.03650950594,0.03356255907,0.03288531087,0.03124575711,0.03011769038,0.0277826416,0.02774088505,0.02928240573,0.03093404695,0.02954185231,0.02657825108,0.02675633427,0.02306578009,0.02236865287
Chile,0.1485284117,0.1282105695,0.1206297339,0.1225624909,0.1238322877,0.127057925,0.1174370889,0.120187499,0.1176057914,0.1140736985,0.1175607846,0.114189195,0.1091109416,0.1216551844,0.130299482,0.1251791494,0.1337993141,0.1207348418,0.1185644955,0.0911489406,0.09606218884,0.09890778903,0.0886067176,0.08629797505,0.08246923725,0.0762996328,0.07585386108,0.07612369668,0.07329944377,0.07037395882,0.07101039572,0.04903810612,0.05783303622,0.06060759808
Colombia,0.09100718692,0.08977051731,0.09748654756,0.1080205239,0.1020486231,0.1067696704,0.1484106437,0.08958094768,0.1093292153,0.111437867,0.1148049125,0.1216246802,0.1225104604,0.1244553101,0.130956163,0.1303502014,0.1158822113,0.1166917999,0.1314599248,0.1257338559,0.1198315636,0.1017785111,0.1084814047,0.109081386,0.0994286365,0.09943169741,0.1023926796,0.1094148391,0.08751924506,0.09567413669,0.105399249,0.09305935893,0.08255422277,0.08309943046
Ecuador,,,,,,0.09844559585,0.08013004399,0.08789853796,0.09697933227,0.06494076349,0.06254408653,0.0776228017,0.08196721311,0.1121906786,0.09475510476,0.1074324324,0.09568896052,0.1064607883,0.07563990625,0.09456574478,0.08680512374,0.07841802493,0.06828137524,0.06057266528,0.05897769171,0.06056778436,0.05825818865,0.05817309964,0.05791853148,0.05481820731,0.06108201991,0.05996539706,0.05714588719,0.06062081693
Guyana,,,,,,,,,,,0.03675305342,0.03978423114,0.04632872235,0.04368684432,0.05646613833,0.03810141837,0.03483191943,0.04407672648,0.05076618964,0.04715912052,0.04495563402,0.04141939201,0.03748872008,0.0392313237,0.04115506374,0.04994972675,0.04586354485,0.04766392839,0.04673756722,0.04616030477,0.04591315527,0.03853490997,0.02964727824,0.02330417091
Paraguay,0.2303818087,0.2513856446,0.1842147851,0.1707625298,0.1401962539,0.1427033062,0.1195042565,0.09157301262,0.08140381577,0.0672762092,0.06258557851,0.05567406888,0.05397543378,0.05100375902,0.05571235483,0.04865106634,0.0520909236,0.05257227801,0.05327967363,0.04955353837,0.05082442153,0.05328546114,0.05161746226,0.05458334723,0.05492405025,0.05218235267,0.04887614502,0.04584629679,0.04666613603,0.04241138213,0.03974863859,0.03702558639,0.03707419229,0.03792583701
Peru,,,,,,,,,,,0.0832696735,0.08463673731,0.07919371278,0.07570141382,0.07129652704,0.07952795889,0.07704450329,0.0701300335,0.06252246091,0.0711060754,0.06982591842,0.06976914596,0.07293350609,0.0758619553,0.07032531501,0.07726630518,0.06195018627,0.05868989904,0.05488218502,0.05603788429,0.04796079933,0.04954697053,0.04878011032,0.04917398735
Uruguay,,,,,,,,,,0.08062599049,0.08405492872,0.08246421934,0.08403284148,0.07395986342,0.0702894167,0.06978748553,0.06854657485,0.06089082055,0.06517605151,0.06143504104,0.06275071515,0.05987184546,0.05973187449,0.05776174259,0.0569403107,0.05886128236,0.05788200803,0.0602835638,0.06418907442,0.06088599471,0.06208208868,0.06795669607,0.06133648843,0.06720356352
Venezuela,,,,,,,,,,,,,,,,,,,,,,,,,,,,,,,,,,
Asia & Oceania,,,,,,,,,,,,,,,,,,,,,,,,,,,,,,,,,,
Oceania,,,,,,,,,,,,,,,,,,,,,,,,,,,,,,,,,,
Australia,0.06791905229,0.06549262014,0.06362019335,0.06381093534,0.06260891976,0.06004087296,0.05761081646,0.05686301618,0.05388234846,0.05208765829,0.05182884007,0.05233755852,0.05354593312,0.05281482376,0.05235224825,0.05199497282,0.05264887018,0.05284417927,0.05126110534,0.05091182864,0.05020280657,0.04836930627,0.04574848092,0.04505617348,0.04822670522,0.05238867682,0.05607469253,0.05452954203,0.05144462038,0.04834401999,0.04522401553,0.04726654664,0.05013207924,0.05059847331
Fiji,,,0.07127329193,0.07027027027,0.07011379801,0.07021582734,0.05398126464,0.04690451207,0.04701570681,0.04885416667,0.07067357513,0.0691026827,0.05652173913,0.0575732899,0.06609616952,0.05673151751,0.06477508651,0.08793352601,0.06210909091,0.06296296296,0.05969135802,0.05879180151,0.05397148676,0.05107398568,0.05294486122,0.03055214592,0.03511768465,0.05140388007,0.04578074674,0.04773286998,0.04645406883,0.04499196184,0.04361041359,0.04772214026
New Zealand,0.04667386211,0.04298608499,0.0399098611,0.04135086362,0.04331864905,0.04425922173,0.04493975603,0.0436952586,0.04260474745,0.0419757326,0.04167034227,0.04027715786,0.03807199512,0.03618330835,0.03253827312,0.03070863866,0.03277539266,0.03187463865,0.02988199809,0.03015247799,0.0281094901,0.02739821496,0.02805821384,0.02701731142,0.02648484431,0.0265389609,0.0284069545,0.02953012426,0.03061469578,0.03330196724,0.03179905715,0.02766129955,0.02750099562,0.02905702198
Papua New Guinea,0.05883408072,0.04203020134,0.03973277075,0.03963378618,0.05342639594,0.046157289,0.0589166194,0.05320930233,0.04465136423,0.03280400572,0.03178110129,0.0258230142,0.01863930278,0.01884415229,0.02001017035,0.02014066496,0.01927104309,0.02283865909,0.01706024096,0.01817029904,0.01767676768,0.01812983919,0.02317281592,0.01790376442,0.01789827876,0.02011791251,0.01825081049,0.01932432432,0.01625139457,0.01748103012,0.01672852871,0.01500521584,0.01409594096,0.01418488216
South Asia,,,,,,,,,,,,,,,,,,,,,,,,,,,,,,,,,,
Afghanistan,,,,,,,,,,,,,,,0.16134336,0.1268975795,0.1036038171,0.1194840462,0.1116540879,0.09860389375,0.09354596133,0.08302760046,0.04696372865,0.04311764354,0.0510979266,0.03833142187,0.03680251052,0.0365259209,0.03724855275,0.04275736197,0.04972825374,0.1050265985,,
Bangladesh,0.1028200638,0.104265603,0.1158163182,0.1115832048,0.1182607834,0.1144235785,0.119872759,0.1226546848,0.123268919,0.1415816219,0.123096971,0.105139682,0.1012357234,0.09875972698,0.1010515122,0.09479220273,0.09774356132,0.1035751511,0.08130350288,0.09729387564,0.1117228305,0.1055701754,0.1009771623,0.09213862744,0.0967347446,0.1050597489,0.1056724041,0.09215898981,0.08910624005,0.09180077653,0.09352788239,0.09012938869,0.08078478041,0.08035255123
India,0.1240057554,0.10857534,0.1031232003,0.1096859705,0.1034573253,0.1050326578,0.1032728672,0.1067789057,0.1065950993,0.1164055249,0.1150305086,0.1052395475,0.09879551815,0.09100119239,0.1011743019,0.104231272,0.09478411784,0.08851183549,0.08888783643,0.1031473477,0.09864230785,0.09592769007,0.0927261936,0.09295981642,0.09504791071,0.08830487542,0.09079498252,0.09389757131,0.09102595601,0.09319865084,0.08761080861,0.08147615295,0.08053915734,0.08145489481
Nepal,,,,,,,,,,,0.06873319905,0.0746249019,0.09768130416,0.1167396518,0.1332449231,0.1403686147,0.1372883492,0.1035209067,0.1047510114,0.08495282575,0.08331248772,0.08263327853,0.07416966536,0.08652327067,0.08645813638,0.07742784022,0.0774928268,0.06283020476,0.04821523427,0.04520250993,0.04793362642,0.04461973019,0.04045004473,0.04076914568
Pakistan,,,,0.2510168883,0.2739592921,0.2720622553,0.2457582699,0.2503728079,0.2344688633,0.2397516016,0.2242281701,0.2403238911,0.2256929814,0.2541437248,0.2605786254,0.2445053469,0.2136508254,0.1802777778,0.1613348707,0.169404921,0.1683468275,0.1698073726,0.1608964761,0.1592778809,0.173436014,0.180058627,0.1808814117,0.1758919171,0.187722146,0.1839973446,0.1717879055,0.1836162967,0.1593207453,0.1445060625
Sri Lanka,0.07506662392,0.09534016233,0.1195253038,0.1210230201,0.1264669368,0.1934442759,0.1953276884,0.1768114326,0.1775699179,0.1606030361,0.1893193141,0.1563795928,0.1358320914,0.1253644525,0.1315082636,0.1107552818,0.1152768006,0.1386730588,0.1644044141,0.1455766975,0.135303583,0.1352628421,0.1209135882,0.1251705337,0.135105716,0.1254364987,0.1086663839,0.1105403683,0.09888089766,0.09007266113,0.08393001797,0.08600805284,0.07253088283,0.07024814875
East Asia,,,,,,,,,,,,,,,,,,,,,,,,,,,,,,,,,,
China,0.137473617,0.1425364099,0.1686762552,0.1479610481,0.1408838523,0.1515792236,0.1495275645,0.140949697,0.1305823443,0.1252064297,0.1133874317,0.1141988658,0.1118910246,0.1097380766,0.1087979082,0.1022875534,0.1018731229,0.09627726734,0.07646508283,0.07399291812,0.06969117885,0.06166183031,0.06035395462,0.05967631396,0.05989542683,0.05604890587,0.05476726323,0.05262866899,0.05048501132,0.04906763866,0.04903690886,0.0492808108,0.04880599781,0.04973826154
Japan,0.03068641404,0.03067417658,0.02985262015,0.02836239798,0.02763374475,0.02697060846,0.02646223247,0.02734207725,0.02390471453,0.02615288041,0.02547903559,0.02647250123,0.02656992013,0.02682903182,0.02751348065,0.0273547074,0.02731635253,0.02671840448,0.02661763865,0.02515068948,0.02514332162,0.02523708312,0.02476218303,0.02425431488,0.02494990365,0.0253995918,0.02496736207,0.02489307952,0.02619845505,0.02660587574,0.02284040886,0.02381578079,0.0250592583,0.02821641372
"Korea, North",,,,,,,,,,,,,,,,,,,,,,,,,,,,,,,,,,
"Korea, South",,,,,,0.2030608069,0.1851358364,0.1816395551,0.1641662533,0.1452650797,0.1441778555,0.1345963045,0.1365655564,0.1217343857,0.117067782,0.1256149564,0.1228354713,0.120736497,0.1250409288,0.1279445973,0.1322032458,0.1296776957,0.1270843411,0.1257494627,0.1280488476,0.1264042266,0.1262125187,0.1233071192,0.1224968791,0.118456058,0.1117068283,0.1086880595,0.09656688011,0.1110479089
Mongolia,0.09154167311,0.08535178777,0.07242476144,0.04756388494,0.05503094779,0.05510056849,0.05609972021,0.05133705084,0.04895570897,0.05133251013,0.06181474033,0.05183264248,0.05099358561,0.04530875205,0.04377785113,0.04701954675,0.04382512418,0.03783505744,0.03154611091,0.02315719648,0.02416422944,0.02207306726,0.02563262322,0.02557663078,0.02674641021,0.02808159743,0.02177338755,0.02368633495,0.02355004927,0.02146521519,0.01934192158,0.01771505278,0.0155234657,0.01731097422
Taiwan,0.1841070024,0.164828994,0.1608345083,0.171651539,0.1644634202,0.1475609697,0.14837797,0.1378150832,0.1213706729,0.126293477,0.08238867186,0.1095727961,0.1110372,0.1061844604,0.1062763103,0.1023175298,0.1014708582,0.1053981643,0.1090124415,0.1034607004,0.1016054868,0.1022346078,0.1052187452,0.1002109883,0.1008526914,0.10545088,0.1013378416,0.1023433089,0.09926460221,0.103957866,0.09796044192,0.1031945203,0.111446972,0.1363992188
South East Asia,,,,,,,,,,,,,,,,,,,,,,,,,,,,,,,,,,
Brunei,0.146914446,0.1524083393,0.133507001,0.1103005544,0.09272137228,0.09086829706,0.1236645299,0.1344455348,0.1210034432,0.1012950971,0.09795253606,0.09885931559,0.08432229856,0.1084398977,0.06894435352,0.0810162522,0.08249292286,0.08119373124,0.08353688324,0.08442582144,0.07878586217,0.07547306081,0.06966246442,0.06781533605,0.09055179418,0.0847865765,0.0899423108,0.07832884427,0.0820050136,0.09491442953,0.1093551317,0.1105134253,0.09903164661,0.1019180743
Cambodia,,,,,,,0.2067334041,0.2418733876,0.1985743381,0.1818055796,0.1468825223,0.1172830374,0.09002552488,0.09191189065,0.09352837476,0.09143663196,0.08053344093,0.06349891923,0.05189205182,0.06437014284,0.07142812113,0.07272738294,0.07131897884,0.07482968018,0.07662882292,0.08887383919,0.09043796071,0.09247469056,0.09589811596,0.09222563553,0.08766327791,0.0810739334,0.08419029083,0.07708822521
Indonesia,,,,0.07185353632,0.07748692273,0.08523856859,0.09093321414,0.08128694714,0.05593688139,0.04432297577,0.04112527023,0.02699516374,0.03802433373,0.04599590106,0.04875839351,0.03967730875,0.03576684906,0.03802328599,0.02985179771,0.03354352103,0.03657272816,0.03690796512,0.03777643137,0.04815055575,0.0418061338,0.05047823402,0.04708932684,0.05223835611,0.04306096557,0.04459843187,0.0477592007,0.04079013803,0.04378502687,0.03919753577
Laos,,,,,,,,,,,0.03849150305,0.03583830115,0.0351353168,0.03068455017,0.03196339836,0.02560179273,0.02331582721,0.02066220556,0.0170560686,0.0108039893,0.009131616237,0.01050684786,0.008068877555,0.007834076673,,,,,,,,,,
Malaysia,0.07802364042,0.1072332192,0.09720272168,0.1072550421,0.1123402709,0.1117909194,0.09843881311,0.0905156481,0.06377010785,0.07829959614,0.05855511779,0.06782679301,0.07506399506,0.08553217416,0.08027416531,0.08458174374,0.07494448441,0.07565083887,0.06778747611,0.06058714117,0.05601349919,0.05732662081,0.04958118465,0.05397014551,0.05527346633,0.06086636566,0.06056320278,0.04991752039,0.04210998279,0.03789397538,0.03990589189,0.04039438414,0.03559666294,0.04114011499
Myanmar,,,,,,,,,0.1048386643,0.09765370034,0.1120463152,0.1062393552,0.1006707919,0.1502323871,0.1372732925,0.1186300836,,,,,,,0.2151216771,0.1792696976,0.1593772432,0.1776820336,0.1745108508,0.1753744162,0.1122026697,0.1081033894,0.1381426684,0.1761223713,0.2220826336,0.2068129356
Philippines,0.1001467717,0.09774280873,0.09692607292,0.1074914935,0.09668294786,0.1051627768,0.1011985334,0.08257396003,0.0808980675,0.0754671074,0.07484231854,0.0676516247,0.06918755856,0.07324684334,0.06756009814,0.06818640889,0.06886946066,0.07102038322,0.06991269075,0.06259074044,0.06377367899,0.0669891796,0.06250440413,0.06865663063,0.06197461886,0.06119620832,0.05499870795,0.06002644731,0.05662612438,0.05208584746,0.05004760298,0.05172217266,0.05084868073,0.0502415527
Singapore,0.2991664377,0.2751141553,0.2964957465,0.2717383938,0.3299227799,0.2937947965,0.2316955877,0.3035755241,0.2926454467,0.3183575788,0.2742936919,0.2649809521,0.3042629841,0.3012151825,0.3056252689,0.336977063,0.3092842358,0.3922256158,0.2795045582,0.2340681042,0.3220089702,0.3262851079,0.314036001,0.2760095825,0.2386905697,0.2095495078,0.1981116322,0.2155664708,0.2003252495,0.1971423709,0.1138382856,0.1542758836,0.1558336152,0.1802873914
Thailand,,,,,,0.1366623487,0.1231981785,0.1007053924,0.07818039718,0.06377045686,0.08041448118,0.07194535442,0.05575401589,0.06905248996,0.06006596473,0.05144745136,0.05161339343,0.05228587901,0.06484789982,0.07250482466,0.07040120473,0.06548762406,0.06415795199,0.06129844551,0.06223490062,0.06173876623,0.06401744579,0.06321735738,0.06235310135,0.06057108779,0.05773037754,0.05217541413,0.05010129809,0.04916372322
Timor Leste,,,,,,,,,,,,,,,,0.03048148148,0.06288602941,0.0576092233,0.02982471627,0.04117494357,0.02466261682,0.01478041757,0.02224383744,0.02360879285,0.01844582814,0.02370686337,0.01424836957,0.01839624006,0.01548459805,0.02464183381,0.02917754173,0.0241663586,0.02282895415,0.03211596737
Viet Nam,,,,,,,,,,,,,,0.07552971445,0.0749013635,0.06800521382,0.07434585619,0.08140985839,0.07943415021,0.0714327934,0.07653248849,0.07333974002,0.07322421447,0.07131190917,0.0801126562,0.07888889376,0.08774189843,0.08378682749,0.08820910974,,,,,
Central Asia,,,,,,,,,,,,,,,,,,,,,,,,,,,,,,,,,,
Kazakhstan,,,,,,,,,,,,,0.04863493227,0.04822863827,0.04647758683,0.04709259514,0.04944469169,0.05470996293,0.04265761464,0.04699728438,0.0451384852,0.04410457704,0.04777775325,0.05442495498,0.0489972342,0.04852240351,0.04339745138,0.03453576451,0.04433820563,0.05041941006,0.03695874059,0.03712253405,0.02382563603,0.02096282003
Kyrgyz Republic,,,,,,0.04727403925,0.05410253921,0.05660715967,0.04427172054,0.05160245468,0.06230905661,0.0517792795,0.05502882346,0.06043032294,0.05915349734,0.05554330523,0.05718119476,0.04523770508,0.04264779903,0.04403942117,0.04341571993,0.03731659072,0.0401138602,0.0425289677,0.04449911058,0.04600464774,0.04360876637,0.04257171233,0.04649952238,0.04461408527,0.04917389807,0.08854271197,0.08300793226,0.1049312041
Tajikistan,,,,,,,,,0.1021046512,0.07933474576,0.06212716763,0.06401948052,0.1101246106,0.1172907489,0.1072,,,,0.05032149846,0.04024116084,0.03645655877,0.04554140127,0.04070527265,,0.04096481452,0.04016701191,0.03120109362,0.03069961872,0.03396080219,0.03458603754,0.03250561568,0.03627057981,0.06907337578,0.03779698703
Turkmenistan,,,,,,,,0.1583309353,0.1281764706,0.1496143959,,,,,,,,,,,,,,,,,,,,,,,,
Uzbekistan,,,,,0.04495554346,0.03008186212,0.02808051375,0.0351446961,,0.03883274516,0.02796801695,0.02174998413,0.01377174592,0.01363151359,,,,,,,,,,,,,,,0.1097645916,,,,,
Europe,,,,,,,,,,,,,,,,,,,,,,,,,,,,,,,,,,
Central Europe,,,,,,,,,,,,,,,,,,,,,,,,,,,,,,,,,,
Albania,,,,,,,,0.04424699425,0.03582513769,0.03578827146,0.03843840657,0.0414741289,0.04269752801,0.04612929526,0.04663211038,0.04734375202,0.05428988625,0.06226081057,0.06256197865,0.04642727214,0.05303741525,0.05283864502,0.05267900096,0.04826485536,0.04243784983,0.03778892513,0.0378723434,0.0380346445,0.03991300876,0.04405116196,0.03980756321,0.03869985139,0.03970415428,0.05619528756
Bosnia and Herzegovina,,,,,,,,,,,,,0.075526538,0.05033630098,0.04320630569,0.03467684478,0.03134580703,0.0273448445,0.02523019601,0.02810811033,0.02630045351,0.02450069861,0.02444064763,0.02444780381,0.0222141048,0.02316511458,0.02225854786,0.02132504915,0.02078185131,0.0202268431,0.0182285388,0.0186082276,0.01750904568,0.01931085405
Bulgaria,,,,,,,,,0.06964682638,0.07244616234,0.07143541128,0.07847474122,0.07925349402,0.07524994276,0.06858345021,0.06567929009,0.06405326293,0.0672976315,0.06372850753,0.051509266,0.04753255787,0.04112178374,0.04089454491,0.04099400171,0.03531824883,0.03337620002,0.03800916579,0.03815981513,0.04222104426,0.08736244643,0.04214315503,0.03930668158,0.04224773108,0.05019293859
Croatia,,,0.1718718632,0.2502414087,0.2061168088,0.1827061943,0.156931687,0.145780468,0.09861750947,0.07503238327,0.05543803793,0.05396791219,0.05409796284,0.04146443601,0.035607239,0.03826884173,0.03715855724,0.03520995164,0.04020079895,0.03558328732,0.03442315646,0.03597183551,0.03523674239,0.03372795896,0.03721888746,0.03709232919,0.03484302515,0.03714393577,0.03423139378,0.03628165119,0.03152245664,0.04057955271,0.04035889286,0.03898840885
Czechia,,,,,,0.03328832133,0.03999895115,0.03820911141,0.04167581894,0.04494489714,0.04582790874,0.04026561745,0.04071105231,0.03835563792,0.04026948015,0.04198333453,0.03781518116,0.03520666346,0.03015693656,0.02954561781,0.02738417648,0.02495707983,0.0237988099,0.02380017205,0.02266960362,0.02257309459,0.02505913017,0.02454218265,0.02681262748,0.02806774785,0.02800688483,0.03004561758,0.03087107037,0.03300614924
Czechoslovakia,,,,,,,,,,,,,,,,,,,,,,,,,,,,,,,,,,
Estonia,,,,,,0.02354553492,0.02241912799,0.02874160049,0.02716733871,0.03149681529,0.03784759358,0.04289807614,0.04618674269,0.04954308094,0.04954954955,0.04300209639,0.04149819824,0.04912753161,0.0447946957,0.03923465091,0.04222022664,0.04486460503,0.04835039818,0.0496834572,0.05098401796,0.05125689761,0.0525210084,0.05122446797,0.05115868028,0.05202999268,0.05112391463,0.04853922245,0.05453143618,0.06770384947
German Democratic Republic,,,,,,,,,,,,,,,,,,,,,,,,,,,,,,,,,,
Hungary,,,,,,0.02386861404,0.02455501929,0.029666548,0.02499839754,0.02922069954,0.03202008706,0.03327263357,0.03130353405,0.0334554293,0.03021152765,0.02858624818,0.02372706893,0.02541483512,0.02420279741,0.02227069839,0.02093686108,0.02113897497,0.02089954037,0.01884475736,0.01714047946,0.0179580673,0.02141176804,0.02554817127,0.02182568751,0.02897377474,0.0344588481,0.02735347815,0.03805337388,0.04411885453
Kosovo,,,,,,,,,,,,,,,,,,,0.0006719745223,0.0179315892,0.02417279419,0.02711886612,0.0234680271,0.02463107739,0.02735888618,0.02858003868,0.02731937173,0.0284958124,0.02729755849,0.02780104216,0.03058543046,0.02912938122,0.03988499025,0.04022088091
Latvia,,,,,,,,,0.01587443946,0.01910750507,0.02434502217,0.0303160359,0.04501216545,0.04885641677,0.04766153014,0.04667519182,0.05063881215,0.04707140947,0.0446388515,0.03248510427,0.0253951801,0.02685525815,0.02445618778,0.02515308526,0.02496080627,0.02774270788,0.04014184397,0.04367255738,0.0541539016,0.05359465788,0.05223880597,0.04832997708,0.05176470588,0.05631658906
Lithuania,,,,0.02195881944,0.01354801534,0.01373828009,0.01571160717,0.02291832467,0.03339027623,0.02458046719,0.03392087641,0.03887419312,0.03833070971,0.0349657246,0.03602788833,0.03477090479,0.03450268274,0.03229419539,0.03051891872,0.02477178622,0.021326565,0.01907596609,0.0217708236,0.02202696746,0.02585934586,0.03307386939,0.04437065637,0.05283983063,0.05931473259,0.05914759656,0.04932950192,0.05279755363,0.06781264136,0.0692856648
North Macedonia,,,,,,,,0.06463482797,0.06394743883,0.05165702695,0.0577937409,0.1632785077,0.06927033759,0.06504771061,0.0697635576,0.06245656924,0.05839000351,0.06200786227,0.05160700772,0.05029966369,0.04251408555,0.03962196524,0.03684403812,0.03692219622,0.03446260495,0.03083039065,0.03118622449,0.02817843336,0.03116026077,0.0369078155,0.03407952848,0.04121451447,0.04628307343,0.0470067232
Montenegro,,,,,,,,,,,,,,,,0.07056277056,0.05384615385,0.03977947413,0.03663303909,0.03591411841,0.03888888889,0.03863328823,0.03624484182,0.03168851395,0.03329627207,0.03026489676,0.02969930814,0.02893185185,0.02902363636,0.03034588884,0.03197626374,0.03469878433,0.03723012385,0.03738977072
Poland,,,,,,0.04098318884,0.03858188417,0.04382540839,0.0456094251,0.04501229037,0.04244226471,0.04241067607,0.04195847427,0.04176821458,0.04310495774,0.0435394938,0.04321003496,0.04666705925,0.03966639723,0.0399304403,0.03995821009,0.04059833085,0.04178242757,0.04142463322,0.04472499397,0.05128685905,0.04715759407,0.04591265807,0.04933529845,0.04716547396,0.0474114038,0.05086253114,0.05100920033,0.08119155968
Romania,0.1182121212,0.1237647059,0.1012252964,0.08110782866,0.09316706731,0.07976855547,0.07326813366,0.08995796357,0.08489932886,0.07567288319,0.07167813658,0.07357443748,0.07146278556,0.06798395021,0.06064433084,0.06213360673,0.05449719948,0.04321161335,0.03969181805,0.03519623201,0.03277925006,0.03532209694,0.03507692826,0.03781922524,0.03992543494,0.04246465045,0.04487798354,0.05589394347,0.05646017292,0.05510575553,0.05262860706,0.04987829867,0.04684535082,0.04368142582
Serbia,,,,,,,,,,,0.1643192851,0.1191235447,0.09812948736,0.08228883047,0.0728252285,0.05711060825,0.0512449707,0.05333355246,0.04693794044,0.05043044684,0.04867239486,0.04812300532,0.04367290682,0.04492146056,0.04331296332,0.04280855671,0.04168545576,0.04762902162,0.04022502284,0.06011176477,0.04928033006,0.04969561436,0.06235308511,0.06423621801
Slovakia,,,,,,0.06495136492,0.0556189827,0.04678922186,0.03799950968,0.03276440554,0.03130835528,0.04061657033,0.03902740937,0.04551316497,0.04349514563,0.04226665337,0.04106032907,0.04063710344,0.03944827586,0.03414959772,0.02964317758,0.02580253983,0.02622539305,0.02304045512,0.02276787066,0.02435082722,0.02623282719,0.02796052632,0.03079684739,0.04206401045,0.04294903986,0.03818814112,0.04277394305,0.04188330445
Slovenia,,,,,,0.02951319544,0.03398796499,0.03086492514,0.02942494715,0.02573703704,0.02305623745,0.02669740802,0.02945367958,0.02983275377,0.03073280546,0.03061153476,0.03386574559,0.03324006568,0.03313630245,0.03213343764,0.03194996164,0.0254077572,0.02364052982,0.0173717797,0.01915229435,0.01909516513,0.02175500803,0.02227786864,0.02249548691,0.02428225692,0.02061258278,0.02494392451,0.02747129864,0.02829902638
Yugoslavia,,,,,,,,,,,,,,,,,,,,,,,,,,,,,,,,,,
Eastern Europe,,,,,,,,,,,,,,,,,,,,,,,,,,,,,,,,,,
Armenia,,,,,,,,,,,,,,,,0.144528086,0.1473773176,0.1357100469,0.152706603,0.145588155,0.1628077049,0.154377929,0.1598840553,0.1679749836,0.1643712988,0.160998622,0.1512268439,0.1479150699,0.1713070459,0.1922593038,0.1625714512,0.1557616125,0.154734927,0.1996065544
Azerbaijan,,,,,0.08023255814,0.1467336683,0.1140740741,0.1150470219,0.1338709677,0.1346467391,0.1242740999,0.1377802691,0.09693513899,0.1120155039,0.1085672798,0.102201278,0.1350832806,0.1098742053,0.1046834139,0.09636955637,0.08733328421,0.1384348321,0.1271589549,0.1201947136,0.1252259387,0.1412116892,0.1041203401,0.1055995204,0.106960906,0.1183569256,0.1305535537,0.1527319862,0.1449764776,0.147062081
Belarus,,,,,,,,,,,,0.3280212483,0.3093829248,0.2885783718,0.2984615385,0.3221010902,0.350219695,0.3244939271,0.2342896175,0.2567714713,0.3026604897,0.3038933764,0.3160581745,0.3113683922,0.2683901067,0.2724625216,0.3744278762,0.3514193673,0.4064008123,0.3738410793,0.3688371195,0.3762948766,0.456543192,0.5059131189
Georgia,,,,,,,0.1169630643,0.05565302144,0.05850409836,0.04548611111,0.03539486204,0.04280762565,0.06089795918,0.06462316384,0.07088760504,0.1502877614,0.2240348692,0.3221858828,0.2608249077,0.1565595404,0.1180373287,0.1116504506,0.1050007847,0.09483862106,0.08408425328,0.07289008043,0.07336516522,0.07138157895,0.0697814433,0.06137336045,0.05238207408,0.05105734199,0.04973870891,0.05539119497
Moldova,,,,,,0.02203452075,0.02094194313,0.01964852331,0.01598429613,0.01548672566,0.01138284481,0.01364283173,0.01365734064,0.0124284016,0.01037022422,0.01078248426,0.01197671195,0.01208535998,0.01466431772,0.01010776256,0.007709827651,0.008382302646,0.008140680877,0.008669640785,0.008680337432,0.009328631027,0.01129991328,0.01047612061,0.01054035464,0.01132146971,0.0105069942,0.01092290417,0.00898439835,0.01404513444
Russia,,,,,,,,,0.06905492304,0.08988588392,0.1081961337,0.1130251934,0.1113849541,0.1129225454,0.1117038734,0.1133630959,0.1120653403,0.0978733726,0.09863156326,0.1019201986,0.1012229333,0.1032146099,0.1084155494,0.1112217789,0.1177219632,0.1381071169,0.14828395,0.1219918141,0.1140315914,0.1139900009,0.1058606787,0.1031418696,0.1294421045,0.1614140846
Ukraine,,,,,,0.0662371134,0.08615978139,0.09770887778,0.08747363338,0.1115540134,0.09913751643,0.0783903701,0.07334402397,0.07331208903,0.06253532133,0.06332446371,0.06215361917,0.06548953307,0.05635985544,0.06064748769,0.05578818096,0.04941514392,0.04805670933,0.0497384795,0.06627448475,0.08939440778,0.0899494285,0.07783361277,0.08671376163,0.09801589366,0.09580844457,0.08460587434,0.3921224722,0.5817070988
USSR,,,,,,,,,,,,,,,,,,,,,,,,,,,,,,,,,,
Western Europe,,,,,,,,,,,,,,,,,,,,,,,,,,,,,,,,,,
Austria,0.02545085487,0.02411183789,0.02239021067,0.02057513723,0.02026279164,0.0190122555,0.0186221023,0.01946116889,0.0183072183,0.01944474241,0.01931590281,0.01765043486,0.0168193442,0.01823184374,0.01657907677,0.01661921982,0.01559829535,0.01828642124,0.01745914732,0.01539275409,0.01554324604,0.01554067325,0.01520040688,0.01453736857,0.014291943,0.01368117856,0.01457396724,0.01536100082,0.01528019547,0.01541676797,0.01557030416,0.01558656617,0.01455601793,0.01632577151
Belgium,0.04279596445,0.04062619994,0.03237303967,0.03005444544,0.03030957257,0.02934068512,0.02863815489,0.02825233483,0.02781414496,0.02760424329,0.02734630387,0.02599308955,0.02452260127,0.02392281166,0.0234513758,0.02114533061,0.02164663166,0.0226102798,0.02406508435,0.02135610755,0.0202398111,0.01902590813,0.01844549798,0.01797977049,0.01746337066,0.01692643768,0.01684387462,0.01698170245,0.01705455695,0.01711775171,0.01721897816,0.01894720209,0.02226580291,0.02216516687
Cyprus,,,,,,0.09892933619,0.1378910776,0.1636998255,0.137399679,0.08053892216,0.08070175439,0.08827856793,0.05691788526,0.04915188897,0.0506163616,0.05133435322,0.04856230032,0.04484645789,0.04264280798,0.04337210789,0.04443622921,0.04130460802,0.03950042855,0.03817116524,0.03826475596,0.04175398955,0.03766713681,0.04306652244,0.04131658727,0.04685979405,0.04341728092,0.04387989656,0.04709329365,0.04616399789
Denmark,0.03488035733,0.03465595484,0.0329377876,0.03158768534,0.02936257422,0.0287960014,0.02835966829,0.02890419681,0.02902823674,0.02869541328,0.02766243222,0.02900180632,0.02834105742,0.02734654791,0.02686367446,0.02559426688,0.02764396981,0.02636034502,0.02687926355,0.0238816149,0.02467870332,0.02327739236,0.02332529023,0.02198579585,0.02081356552,0.02038311209,0.02186864349,0.02251720747,0.0252737026,0.02607510019,0.02575192362,0.02610444612,0.0303926416,0.04100016789
Finland,0.03215111256,0.03088826989,0.03033359193,0.02847758674,0.02736397815,0.02372089875,0.0261878416,0.02794949362,0.02848963219,0.02450551706,0.02642334854,0.02472701708,0.02430583158,0.02993634679,0.03045662778,0.02977544172,0.02988710315,0.02758349017,0.02905555425,0.02885570542,0.02767424154,0.02776078095,0.02753627089,0.02699699363,0.02535063883,0.02566765206,0.02551180582,0.02519547503,0.02552498335,0.02537987744,0.02493314919,0.02315724772,0.02966437678,0.04440723692
France,0.05622724773,0.05511945174,0.05142676023,0.04898759129,0.04896963771,0.04572606792,0.04422954445,0.04379563304,0.04227793239,0.04159166823,0.04036642476,0.0392645352,0.03875838638,0.0393403525,0.03971608164,0.03797244533,0.03735360197,0.03628844759,0.03559471567,0.0367118339,0.03462290099,0.03360069663,0.03276428618,0.0323247961,0.03256145971,0.03296359712,0.0338228115,0.03377923756,0.03312112523,0.03317786343,0.03254402498,0.03241615235,0.0331391073,0.03566871389
Germany,,0.0428314904,0.03916371898,0.03506704286,0.03212516787,0.02718570651,0.02973806427,0.02910476815,0.02894418078,0.02901207485,0.02855347493,0.02800490209,0.02788110083,0.02736809221,0.02721641346,0.02275964477,0.02651249884,0.02701684075,0.02735391901,0.02719076812,0.02631466133,0.0266621664,0.02764316785,0.02637173972,0.02595628711,0.02576595722,0.02595573768,0.02610983738,0.02641071735,0.02803929796,0.02723395708,0.02593482036,0.02783375562,0.03081088082
Greece,0.08591844997,0.08623751217,0.08565759446,0.08117594319,0.08448840517,0.06638230279,0.07015456816,0.073100367,0.07398161082,0.0728097621,0.07464308044,0.07070426359,0.06719609939,0.05352648311,0.05472424298,0.06225847672,0.06169372889,0.05692243079,0.05866906153,0.05962605765,0.05193276603,0.04575956596,0.04550765611,0.04552817684,0.04636815588,0.0481475735,0.05150325897,0.05285985709,0.05601414823,0.0545574202,0.0509896106,0.06695093915,0.07613680066,0.06565330299
Iceland,,,,,,,,,,,,,,,,,,,,,,,,,,,,,,,,,,
Ireland,0.0277304792,0.02785625494,0.02626906204,0.02616974696,0.02569000096,0.02516292542,0.0256974087,0.02558984391,0.02408323632,0.02307309796,0.02273481079,0.02184317719,0.01927721621,0.01798452221,0.0173026303,0.01637149259,0.01528930281,0.01427473091,0.01388410639,0.01282515951,0.008856832493,0.01153191804,0.01206573273,0.01235899547,0.01226215645,0.01176439797,0.0119337497,0.01172845846,0.01132822879,0.01147664026,0.009847481732,0.01013980061,0.01030016562,0.01016360113
Italy,0.03290179358,0.0317938658,0.03003952645,0.03010930157,0.03030154634,0.02834242853,0.03076880027,0.03279301812,0.03405309659,0.03555414674,0.03734576042,0.0353321887,0.0364144216,0.0361236604,0.03579569416,0.03388882543,0.03183152469,0.03093073155,0.03210450732,0.03040858401,0.03005330178,0.03001472681,0.02820564055,0.02745788412,0.02522775412,0.02401226998,0.02719801986,0.02783587015,0.02808807284,0.02705728793,0.03051640872,0.02990248973,0.03044705491,0.03043451793
Luxembourg,,,,,,0.01489651842,0.01468780712,0.01490496397,0.01530705335,0.01445167911,0.01438645875,0.01775552863,0.01409881975,0.01398970685,0.01386873326,0.01345971315,0.01321694899,0.01341533372,0.009621721365,0.008696695256,0.01051093249,0.009078060448,0.008583911591,0.008693075175,0.0090329942,0.01029512697,0.009463301937,0.01199450252,0.01183594825,0.01267610869,0.01231023102,0.01099007348,0.01433201289,0.01622667372
Malta,,,,,,,,,,,0.01463631222,0.01500263852,0.01462283384,0.01384441367,0.01581769567,0.01946846225,0.01547561404,0.0150975095,0.01463911213,0.01654998055,0.01636273063,0.01426285917,0.0126890921,0.0126323667,0.01218798283,0.01222964127,0.01407377934,0.01391952346,0.01207191562,0.01405784314,0.01253518795,0.01127516677,0.01079753445,0.01377239102
Netherlands,0.047334131,0.04423100444,0.04301907639,0.03893461677,0.03776701393,0.03334875829,0.03741878249,0.03647792302,0.03563623097,0.03606102029,0.03384221793,0.03337025621,0.03266158323,0.03230253743,0.03268740505,0.03279296484,0.03211383556,0.03172813962,0.03003445003,0.02918207974,0.02751739325,0.02732600422,0.02627254163,0.02489591684,0.02516406076,0.02525584476,0.02666002516,0.02724514215,0.02877682672,0.03129699001,0.03013220785,0.03034949413,0.03108838365,0.03388404821
Norway,0.05791094397,0.05398005729,0.05665731886,0.05242861698,0.05424124584,0.04676816886,0.04598551475,0.04431365827,0.04509706286,0.04388405048,0.04124329568,0.0393946556,0.0449696748,0.04133657288,0.04117296394,0.03771647032,0.03568850999,0.03560742194,0.03446648506,0.03502431745,0.03389919738,0.03334128466,0.03285791088,0.03233846406,0.03233305127,0.0310792988,0.03208467293,0.03463887276,0.03596452146,0.03672560736,0.03465812445,0.03621325366,0.0389568808,0.04001922615
Portugal,0.04237879204,0.0387844383,0.03676868079,0.03760432443,0.03858699018,0.040080644,0.03721001472,0.03635082643,0.03338275914,0.03354240293,0.03284203547,0.03275021889,0.03315422826,0.03162759787,0.03272815506,0.03409934284,0.03348874384,0.03092981312,0.03122921952,0.03054518212,0.02867533471,0.02982245028,0.02875616811,0.02886784472,0.02529961542,0.02755336731,0.03437141217,0.02726751184,0.03099569442,0.03239031038,0.02904026336,0.03201771068,0.03166672892,0.03442202869
Spain,0.05328566116,0.04765014436,0.04442029583,0.04116269971,0.04240081612,0.04220688365,0.04101636779,0.04031498293,0.04075485704,0.04385787741,0.04401431994,0.04242247673,0.03768306705,0.03706938945,0.03684463735,0.03604830506,0.03564408401,0.03472430389,0.03300032839,0.02938210395,0.03013786539,0.02885682803,0.02877737741,0.02742903911,0.02765998808,0.0288372666,0.02677991496,0.02977312525,0.02999898682,0.02915302705,0.02633206548,0.02705479452,0.03043842238,0.03206465844
Sweden,0.039680839,0.03537970086,0.03273061684,0.03294415204,0.03231671809,0.02807853785,0.02456451086,0.03277366964,0.03345869689,0.03358722437,0.03472795691,0.03420615225,0.03098627574,0.0300479052,0.02781575588,0.02742258307,0.02630754576,0.02687960443,0.02374786951,0.02259349091,0.024034877,0.02260530705,0.0226453174,0.0219810209,0.02267472637,0.02203962845,0.02159700092,0.02120985308,0.02115791172,0.02272934977,0.02246209381,0.0246119608,0.02759872815,0.03061278116
Switzerland,0.05521370201,0.05067567568,0.04727550432,0.04090612902,0.03983239472,0.04055850082,0.03780118309,0.03603571631,0.03526529021,0.0318127978,0.03111081872,0.03050818632,0.02732104201,0.02717512033,0.02627468717,0.02572890663,0.02468551692,0.02438068676,0.02412460666,0.02306112531,0.02187786726,0.02209825896,0.02113353489,0.02189030914,0.01972940924,0.02006382056,0.0204970046,0.02051196644,0.02056058589,0.02176954409,0.02089905792,0.0195618245,0.02189528957,0.02202466893
United Kingdom,0.104730976,0.1055948634,0.09380892395,0.08719516959,0.08285155577,0.07572409439,0.07627662981,0.07354950629,0.07256020881,0.07125089715,0.0696485054,0.06922072924,0.06917351834,0.06865611181,0.06563766674,0.06313960228,0.0618318869,0.06162525809,0.06088205588,0.05949567921,0.05758334509,0.05735392215,0.05536366743,0.05460837279,0.05301069966,0.0507344955,0.05002925901,0.04992850495,0.05007495794,0.0514134675,0.04325064877,0.04508104296,0.04709387852,0.05152399622
European Union,,,,,,,,,,,,,,,,,,,,,,,,,,,,,,,,,,
Middle East,,,,,,,,,,,,,,,,,,,,,,,,,,,,,,,,,,
Bahrain,0.1428571429,0.1698113208,0.1674641148,0.1677316294,0.1628614916,0.1709145427,0.1929824561,0.1361079865,0.1758865248,0.1701863354,0.1715374841,0.1464435146,0.1452173913,0.1591468417,0.1552795031,0.1290106952,0.1286650775,0.1266247379,0.1184164479,0.1408412483,0.1011813538,0.1145299145,0.118882054,0.1247108048,0.155508831,0.1272471251,0.1335096698,0.1342730662,0.1203940474,0.1233052632,0.1133233212,0.1104401446,0.1066038588,0.1075444399
Egypt,,,,,,,,,,0.09789060844,0.09815386602,0.107155092,0.1060178083,0.1037041443,0.09554096611,0.08954877317,0.07545411186,0.07612186295,0.06671410099,0.06249267051,0.06228021888,0.06013473778,0.05344905377,0.04650594104,0.0473653318,0.05227304324,0.05091340831,0.04417631313,0.04151739934,0.0417571868,0.04506970537,0.04764008766,0.04603617648,0.04147395223
Iran,0.1447850544,0.1248761855,0.09896932844,0.05139502994,0.07598895634,0.08498503896,0.1064925169,0.1186799289,0.1294323803,0.1256841276,0.1403699201,0.1457376398,0.1110465984,0.1212576823,0.1489580341,0.1361254211,0.1432067769,0.1525308319,0.129836313,0.1569067088,0.159675404,0.130100181,0.1932328929,0.1561127452,0.1480313814,0.1554910412,0.1540650448,0.1604870973,0.1391774426,0.1434037569,0.1439056961,0.1632924528,0.154868079,0.1353116459
Iraq,,,,,,,,,,,,,,,0.01832230161,0.03548089135,0.03770341834,0.04856482125,0.04135517275,0.04919460476,0.05465119521,0.05311236778,0.04428774825,0.06872333398,0.06739211064,0.124538427,0.08379146526,0.1101286502,0.08840581421,0.09342544348,0.07425724374,0.06226050476,0.04661390611,0.04150141146
Israel,,,,,,,,,,,0.1407034895,0.1369384684,0.1276141238,0.1381211188,0.1431094623,0.1431201253,0.1411001234,0.1538858995,0.1516681726,0.1447571218,0.1460993424,0.1435402882,0.1397016638,0.1372513698,0.1473731388,0.1447921807,0.1435588818,0.1417615833,0.1352018226,0.1313292171,0.1179235129,0.1236395929,0.1217756581,0.1459018214
Jordan,0.1751227496,0.2208083832,0.1918649271,0.188718663,0.187007874,0.1233118027,0.1632653061,0.1773648649,0.1745166088,0.1863449692,0.1831625183,0.1778937381,0.1592082616,0.1606666667,0.136259417,0.1233429395,0.12812983,0.1604911204,0.1765244461,0.1850589995,0.1792997244,0.1515390792,0.1263991297,0.1248053528,0.1181456811,0.1280259044,0.1560815008,0.1624439726,0.1501079914,0.152017701,0.1505776769,0.1456370147,0.1447632295,0.1448879623
Kuwait,0.5256201708,0.5747809762,0.3499622071,0.202681388,0.2265570734,0.2488146308,0.231181515,0.185152947,0.1691391051,0.1689730517,0.1955870764,0.1792918299,0.1767312448,0.176671085,0.1697129027,0.1544461191,0.1110047847,0.1193622449,0.07441424555,0.09414347894,0.0839527027,0.08964707299,0.08795145682,0.08576375989,0.08097311671,0.09204345508,0.1091033826,0.1077877245,0.1001988991,0.1022092016,0.09873505699,0.1198361054,0.112258357,0.09448221081
Lebanon,0.1914428883,0.1468074548,0.2240360159,0.2644849785,0.1499042628,0.2187238458,0.1316649696,0.1076626077,0.1172774682,0.1358413859,0.1275486996,0.1418420223,0.1309741393,0.1300989294,0.1354789024,0.1424897306,0.1267942723,0.1318711353,0.1170064921,0.1255632827,0.1414676649,0.1413489486,0.1320633186,0.142802241,0.1636963431,0.1682428057,0.1801739632,0.1505780747,0.1563959022,0.1520310513,0.1547973552,0.1523704236,0.1071960842,
Oman,0.2961303191,0.2577323718,0.2647980027,0.2509746147,0.2582744145,0.2501396648,0.2450554324,0.2543973214,0.2273889637,0.2199743918,0.2269648204,0.2463041183,0.237260568,0.2344998452,0.2306885422,0.2518895001,0.2362195122,0.2186382755,0.1938728702,0.1819561551,0.1846984169,0.187058566,0.2739640299,0.2480607889,0.2139344262,0.2148850148,0.2367609404,0.2133810573,0.2157438997,0.1918412034,0.1803061774,0.1814902473,0.169842664,0.206573632
Qatar,0.2525221511,0.2790464778,,,,,,,,,,,0.1246344207,0.1160551018,0.08422408628,0.06858519808,0.0615254076,0.06979527211,0.08738850732,0.06063663335,0.04899870894,,,,,,,,,,,0.2198661005,0.2688068999,
Saudi Arabia,0.354435866,0.354435866,0.2725513391,0.3283410506,0.3130129299,0.2844885057,0.2525023092,0.307226084,0.4116121225,0.3736924843,0.3179414875,0.3091296149,0.2720862745,0.2623246269,0.2599071926,0.2746146142,0.2878124188,0.2895147238,0.275619652,0.2594633746,0.2594748932,0.2201415266,0.230993744,0.2526554838,0.2655260389,0.3265257817,0.2774781496,0.3070506506,0.2593705678,0.2314542021,0.2250508957,0.2281000645,0.226722477,0.2404452
Syria,0.2429952137,0.3042675959,0.2631798669,0.2461391786,0.2433593648,0.2335467847,0.2181703193,0.2030433354,0.2014886072,0.2073189324,0.1901951026,0.1888015675,0.1737983284,0.1914297693,0.1768916413,0.178393049,0.1647992469,0.159292308,0.154681674,0.1505224165,0.1362182053,,,,,,,,,,,,,
Trkiye,,,,,,,,,,,,,,,,,,,,,,,,,,,,,,,,,,
United Arab Emirates,,,,,,,,0.1915982164,0.206072478,0.2065200064,0.2618588227,0.2224508985,0.2285465218,0.2340297725,0.2604258772,0.2322490448,0.2064326338,0.1858166292,0.1671083883,0.1559309551,0.1874156373,0.1754851406,0.174275929,0.1991488852,0.1703876785,,,,,,,,,
"Yemen, North",,,,,,,,,,,,,,,,,,,,,,,,,,,,,,,,,,
Yemen,0.2459528039,0.2833639284,0.2954541176,0.2741911502,0.3335221439,0.2632117722,0.172043483,0.169639169,0.1774597848,0.1831158978,0.1551153645,0.1797691614,0.2240081369,0.1940884918,0.1551826908,0.1324020547,0.1152959262,0.1202178877,0.1077853493,0.1605472645,0.1551325456,0.1650956952,0.1262874404,0.1324639491,0.1427962489,,,,,,,,,